http://www.thedailymash.co.uk/news/international/assange-to-be-tempted-from-embassy-with-trail-of-secrets-2012082038528,Assange to be tempted from embassy with trail of secrets,Fake
http://christwire.org/2012/07/false-atheist-god-flying-spaghetti-monster-appears-over-israel/,"The atheist god Flying Spaghetti Monster was seen flying over Israel, trying to steal Higgs Boson God particle souls from Christians",Fake
http://www.theleakywiki.com/index.php/k2-front-page/item/978-child-consumes-pudding-before-meat-long-time-question-answered,"Child Consumes Pudding Before Meat, Long Time Question Answered",Fake
http://nightlycitizen.com/2012/04/20/hitlers-birthday-taints-marijuana-salvation-day/,Marijuana Salvation Day,Fake
https://www.reddit.com/r/fakenews/comments/siv7s/whats_with_the_picture_of_a_brick_at_the_bottom/,What's with the picture of a brick at the bottom of my reddit.com home page? Anyone?,Fake
http://www.theleakywiki.com/index.php/k2-front-page/item/954-obama-sends-strong-message-to-hollywood-launches-nuclear-strike-against-george-lucas,Obama Sends Strong Message to Hollywood; Launches Nuclear Strike Against George Lucas,Fake
http://www.theleakywiki.com/index.php/k2-front-page/item/933-study-finds-alcohol-responsible-for-people-having-fun,Study Finds Alcohol Responsible for Having Fun,Fake
http://www.theleakywiki.com/index.php/k2-front-page/item/926-tennessee-legislature-ratifies-controversial-new-chemistry-curriculum,Tennessee Legislature Ratifies New Chemistry Curriculum,Fake
http://www.theleakywiki.com/index.php/k2-front-page/item/923-one-direction-regretting-success,One Direction Regretting Success,Fake
http://www.theleakywiki.com/index.php/k2-front-page/item/934-%E2%80%98hunger-games%E2%80%99-author-reveals-concerns-over-title-related-puns,'Hunger Games' Author Reveals Concerns over Title-Related Puns,Fake
http://www.theleakywiki.com/index.php/k2-front-page/item/892-rick-santorum-threatens-to-cut-himself-if-he-doesnt-win-the-republican-primary,"Rick Santorum Goes Emo, Threatens to ""Cut Himself"" if He Loses Primary",Fake
http://www.theleakywiki.com/index.php/k2-front-page/item/896-local-boy-gets-a-record-7-likes-on-witty-status-update,"Local Boy Gets a Record 7 ""Likes"" on his Facebook Page",Fake
http://boygirlbathroomgraffiti.tumblr.com/tagged/celebrity,Fake Celebrity News (Bathroom graffiti): Denzel Washington has illegitimate son,Fake
http://www.theleakywiki.com/index.php/k2-front-page/item/762-groundbreaking-new-study-finds-pcp-users-15-times-more-likely-to-be-abducted-probed-by-aliens,"Groundbreaking New Study Finds PCP Users 15 Times More Likely to be Abducted, Probed by Aliens",Fake
http://www.somethingawful.com/d/news/society-time-travel.php,Society of Amateur Time Travelers Historical Updates for 16 November,Fake
http://www.theleakywiki.com/k2-front-page/item/600-porn-begins-using-product-placement,Porn Begins Using Product Placement,Fake
http://thecreationnews.com/index.php/component/k2/item/70-planned-parenthood-to-offer-two-for-one-abortions,Planned Parenthood to offer two for one abortions!,Fake
http://www.theserummagazine.com/2011/08/other-controversial-presidential.html,Barack Obama's and other controversial vacations by Presidents in American history.,Fake
http://www.theleakywiki.com/k2-front-page/item/456-wisconsin-schools-go-vegetarian-serve-eight-new-flavors-of-butter,"Wisconsin Schools Go Vegetarian, Serve Eight Flavors of Butter",Fake
http://www.theleakywiki.com/k2-front-page/item/472-et-loses-foot-to-diabetes,E.T. Loses Foot to Diabetes,Fake
http://www.chronicle.su/news/hacked-justin-bieber-e-mails-pressure-girlfriend-into-abortion/,Hacked Justin Bieber e-mails pressure girlfriend into abortion,Fake
http://www.theleakywiki.com/k2-front-page/item/478-man-regrets-8-inch-cigar-purchase-after-12-inches-of-smoking,Man Regrets Purchasing 8-inch Cigar After 1.2 Inches of Smoking,Fake
http://www.theleakywiki.com/k2-front-page/item/459-professor-celebrates-25th-year-of-teaching-ridiculously-fabricated-lessons,Professor Celebrates 25th Year of Teaching Completely Fabricated History Lessons,Fake
http://www.theleakywiki.com/k2-front-page/item/468-nasa-to-restart-space-shuttle-with-slight-modifications,NASA to use sponsorship for shuttle program relaunch.,Fake
http://www.theleakywiki.com/reporter-community/the-editors-room-k2/item/474-nick-griffin-re-elected-as-bnp-leader-by-%E2%80%98crushing%E2%80%99-nine-vote-margin,Nick Griffin re-elected as BNP leader by ‘crushing’ nine-vote margin,Fake
http://www.chronicle.su/news/i-am-the-true-leader-of-anonymous/,I am the true leader of Anonymous,Fake
http://www.theleakywiki.com/reporter-community/the-editors-room-k2/item/460-bachman-declares-herself-son-of-god,"Bachman Declares Herself ""Son of God""!",Fake
http://www.theleakywiki.com/reporter-community/the-editors-room-k2/item/457-health-group-backs-free-abortions,Health Group Backs Free Abortions,Fake
http://www.theleakywiki.com/reporter-community/the-editors-room-k2/item/436,Study links breast milk to male genital size,Fake
http://www.chronicle.su/editorial/rupert-murdoch-is-responsible-for-the-hacking-of-911-victims/,Rupert Murdoch is responsible for the hacking of 9/11 victims,Fake
http://www.theleakywiki.com/reporter-community/the-editors-room-k2/item/445-ageing-rock-stars-double-team-%E2%80%98little-schoolgirl%E2%80%99,Ageing rock stars double-team ‘Little Schoolgirl’ ,Fake
http://www.theleakywiki.com/reporter-community/the-editors-room-k2/item/426-sexism-scandal-overshadows-womens-world-cup,Sexism scandal overshadows Women's World Cup ,Fake
http://www.theleakywiki.com/reporter-community/the-editors-room-k2/item/415-outrage-after-author-smears-ebook-sceptics-as-%E2%80%9Cpro-slavery%E2%80%9D?utm_source=twitterfeed&amp;utm_medium=twitter,Outrage after author smears eBook sceptics as “pro-slavery” ,Fake
http://www.theleakywiki.com/reporter-community/the-editors-room-k2/item/413-scottish-nationalists-kidnap-andy-murray,Scottish nationalists kidnap Andy Murray ,Fake
http://www.picable.com/Concepts/Destruction/Jet-Crash-Nearly-Destroys-Infamous-Psycho-House.2263899,Jet Crash Nearly Destroys Infamous 'Psycho' House,Fake
http://www.thedailymash.co.uk/news/society/hipsters-denied-right-to-verbal-communication-201103173637/,Hipsters denied right to verbal communication,Fake
http://www.themq.com/index.php?articles_id=1052&amp;issue=175,Planned Parenthood Cuts Seek to Redefine ‘Health’,Fake
http://www.reddit.com/tb/fyule,John boehner just had personal tanning bed installed in speakers office...what a dick,Fake
http://latimesblogs.latimes.com/entertainmentnewsbuzz/2011/02/jon-stewart-stephen-colbert-return-to-hulu.html,"Jon Stewart, Stephen Colbert return to Hulu | Company Town | Los Angeles Times",Fake
http://authspot.com/thoughts/dropping-like-flies/,Mass Deaths; End of Times?,Fake
http://mytinyspot.blogspot.com/2010/11/write-in-votes-pile-up-for-alaska.html,Write-In Votes And Satire Pile Up For Alaska GOP/Tea Party Senate Hopeful Joe Miller. ,Fake
http://youknowfunny.blogspot.com/2010/08/obama-gambles-on-new-plan-to-kickstart_18.html,Obama gambles on new plan to kickstart education,Fake
http://www.huffingtonpost.com/ross-luippold/the-onion-9-11-comedy-curative_b_713257.html,The Onion's John Krewson Talks 9/11 And Comedy As A Curative ,Fake
"http://www.theonion.com/video/al-qaeda-also-fed-up-with-ground-zero-construction,14138/",Al Qaeda fed up with ground zero construction delays.,Fake
https://www.reddit.com/r/fakenews/comments/cj44d/couple_tried_to_sell_baby_outside_walmart_for_25/,Couple Tried to Sell Baby Outside Walmart for $25...,Fake
http://tpzoo.wordpress.com/2010/05/30/breaking-news-bp-purchases-gulf-of-mexico/,Breaking News: BP Purchases Gulf of Mexico,Fake
http://www.theonion.com/content/video/apple_introduces_revolutionary,Apple introduces revolutionary new laptop with no keyboard ,Fake
http://www.aestheticoctopus.com/2009/12/10/i-fucked-tiger-woods/,I Fucked Tiger Woods,Fake
http://www.theonion.com/content/news/shell_executives_accuse_oil,Shell Executives Accuse Oil-Covered Otter Of Playing It Up,Fake
http://tpzoo.wordpress.com/2009/09/24/sarah-palin-speaks-in-hong-kong-heres-the-transcript-wink-wink/,"Sarah Palin speaks in Hong Kong - Here’s the transcript, you betcha!",Fake
http://trueslant.com/jeffhoard/2009/08/31/102-cable-news-vortex/,Stewart / O'Reilly editing feud turns into a cable news vortex,Fake
https://www.reddit.com/r/fakenews/comments/9ew7u/bill_cosby_passes_away_at_72_source_in_comments/,Bill Cosby passes away at 72 (source in comments),Fake
http://authspot.com/letters/an-open-letter-to-dr-axelrods-new-serial-killers-article/#comment-889561,An Open Letter to Dr. Axelrod's New Serial Killers Article,Fake
http://finance.yahoo.com/news/Elizabeth-McCaughey-Resigns-prnews-2975137710.html?x=0&amp;.v=1,Elizabeth McCaughey Resigns As Director of Cantel Medical - The Day after Jon Stewart debated her on Health Care Reform,Fake
http://www.thedailyshow.com/watch/wed-september-13-2006/the-question-mark,"Jon Stewart renames the question mark to ""The Cavuto""",Fake
http://nymag.com/daily/intel/2009/08/why_conservative_pundits_love.html,Why Neo-Conservatives love being guests on the Daily Show with Jon Stewart,Fake
http://www.theonion.com/content/news_briefs/rapper_not_entirely_sure?utm_source=a-section,Rapper Not Entirely Sure Who Else Is On This Track | The Onion,Fake
http://www.thedailyshow.com/watch/wed-july-29-2009/so-you-think-you-can-douche,Daily Show exposes the douchebags of Cable News,Fake
http://trueslant.com/jeffhoard/2009/07/23/jon-stewart-takes-on-the-birthers/,"Jon Stewart takes on the Birthers, specifically Lou Dobbs",Fake
http://www.thedailyshow.com/video/index.jhtml?videoId=112657&amp;title=Sean-Hannity-and-Alan-Colmes,How bizarre was 2003? Sean Hannity was a guest on The Daily Show.,Fake
http://demockracy.com/cheney-seeks-true-love-online/,Cheney Seeks True Love Online ,Fake
http://www.theonion.com/content/node/28789,Man Who Thought He Was On Date Actually Just At Work-Related Get-Together,Fake
http://www.theonion.com/content/news/dna_evidence_frees_man_from_zoo?utm_source=onion_rss_daily,DNA Evidence Frees Man From Zoo,Fake
http://borowitzreport.com/article.aspx?ID=7037,Ayatollah Warns Iranians: 'I am Following You All on Twitter',Fake
http://borowitzreport.com/article.aspx?ID=7029,US to Respond to North Korea with 'Strongest Possible Adjectives',Fake
http://www.theonion.com/content/news/chinese_woman_gives_birth_to?utm_source=onion_rss_daily,"Chinese Woman Gives Birth to Septuplets, Has One Week To Choose",Fake
http://www.theonion.com/content/news/world_death_rate_holding_steady_at?utm_source=onion_rss_daily,World Death Rate Holding Steady At 100 Percent,Fake
http://newsbiscuit.com/2009/06/11/farmer-admits-that-most-tractor-journeys-are-just-to-annoy-other-road-users/,Farmer admits that tractor journeys are ‘just to annoy other road users’,Fake
http://www.ryangarns.com/archives/article_060909.php,Billy Mays for Waterboarding,Fake
http://www.thedailymash.co.uk/index.php?option=com_content&amp;task=view&amp;id=1813&amp;Itemid=59,Time traveller from the future warns of Terminator sequels,Fake
http://www.theonion.com/content/news/police_iphone_left_in_hot_car_for?utm_source=twitterfeed&amp;utm_medium=twitter,Police: iPhone Left In Hot Car For Three Hours,Fake
http://hubpages.com/hub/How-the-hair-in-my-drain-is-like-the-curve-of-our-ever-expanding-universe,How the hair in my drain is like the curve of our ever-expanding universe,Fake
http://www.theonion.com/content/magazine/we_regret_asking_americans_to,We Regret Asking Americans About Faith.,Fake
http://hubpages.com/hub/A-Modern-Proposal,A Modern Proposal,Fake
http://www.theonion.com/content/news_briefs/shadow_government_getting,When the shadow government grows too large and powerful...,Fake
http://www.theonion.com/content/node/43014,CIA Realizes It's Been Using Black Highlighters All These Years,Fake
http://www.thedailymash.co.uk/news/celebrity/i%27ve-been-this-unbearable-since-i-was-eight%2c-says-winslet-200902231596/,"I've been this unbearable since I was eight, says Winslet",Fake
http://www.theonion.com/content/video/courageous_man_refuses_to_believe,Courageous Man Refuses To Believe He Has Cancer,Fake
http://notnews.today.com/2009/01/25/tories-head-downmarket/,Tories attempt to get the working man's vote...,Fake
http://www.thedailymash.co.uk/news/business/twelve-year%11olds-urged-to-knock%11up-local-tart-200902161579/,Twelve year-olds urged to knock-up local tart,Fake
http://www.theonion.com/content/video/fda_approves_depressant_drug_for?utm_source=reddit_1,FDA Approves Depressant Drug For The Annoyingly Cheerful,Fake
http://thestupidtimes.blogspot.com/2009/02/tsvangirai-broken-in-as-zimbabwes-pm.html,Tsvangirai broken in as Zimbabwe's PM ,Fake
http://www.thedailymash.co.uk/sport/sport-headlines/johnson-unveils-horribly-foul%11mouthed-olympic-slogan-200902121575/,Boris Johnson unveils horribly foul-mouthed Olympic slogan,Fake
http://thestupidtimes.blogspot.com/2009/02/following-tied-israeli-elections-both.html,"Following tied Israeli elections, both sides claim mandate to shit on Palestine ",Fake
http://newsbiscuit.com/article/jamie-oliver-campaigns-for-healthy-alternatives-to-salt-for-icy-roads-473,Jamie Oliver campaigns for healthy alternatives to salt for icy roads,Fake
http://www.theonion.com/content/video/in_the_know_are_reality_shows?utm_source=reddit_1,In The Know: Are Reality Shows Setting Unrealistic Standards For Skanks?,Fake
http://newsbiscuit.com/article/government-steps-in-to-save-nations-snowmen-470,UK government agrees rescue package for snowmen,Fake
http://www.dailyfortnight.com/world/15chinesegovernment.htm,Chinese Government to Crack Down on Underage Thinking ,Fake
http://www.thedailymash.co.uk/politics/politics-headlines/what-is-your-fucking-problem?-britain-asks-imf-200901291541/,'What is your fucking problem?' Britain asks IMF,Fake
http://riverscrap.typepad.com/home/2009/01/rbs-shares-rally-as-some-black-guy-gets-top-job.html,RBS shares rally as 'some black guy' gets top job,Fake
http://www.humorfeed.com/,Humorfeed-a syndication of the best of  fake news web sites with multiple new stories every day,Fake
http://www.thedailymash.co.uk/news/international/hudson-crash-landing-still-better-than-heathrow-200901161514/,Hudson crash landing 'still better than Heathrow',Fake
http://www.newsmutiny.com/pages/World/JewishCanal.html,Ancient diary proves Jewish claim on Panama Canal,Fake
http://retroyakking.today.com/2009/01/13/news13-1/,Greggs announce plans to deep fry chip paper and polystyrene containers &amp; other stories for Jan 13,Fake
http://retroyakking.today.com/2009/01/10/piratespiratebay/,Somali tanker pirates pirate Pirate Bay?!,Fake
http://www.theonion.com/content/news/loose_ball_evades_entire_nba,Loose Ball Evades Entire NBA,Fake
http://blog.indecision2008.com/2008/11/20/lewis-black-shows-off-some-worthless-barack-obama-memorabilia/,Lewis Black Shows Off Some Worthless Barack Obama Memorabilia,Fake
http://www.borowitzreport.com/article.aspx?ID=6945,Palin Blasts Obama's Ties to Weather Channel,Fake
http://www.theonion.com/content/news/basketball_rolls_to_stop_at?utm_source=onion_rss_daily,Basketball Rolls To Stop At Cheney's Foot,Fake
http://www.theonion.com/content/news/obamas_hillbilly_half_brother,Obama's Hillbilly Half-Brother Threatening To Derail Campaign,Fake
http://www.punchng.com/cop-to-sue-estate-of-black-teen-he-killed/,Cop to sue estate of black teen he killed,Truth
http://www.theweathernetwork.com/news/articles/canadian-groundhog-dies-days-before-groundhog-day/62994/,Canadian groundhog dies days before Groundhog Day,Truth
http://www.psypost.org/2016/01/positive-fantasies-about-the-future-predict-symptoms-of-depression-40583,Positive fantasies about the future linked to increased symptoms of depression,Truth
http://wncn.com/2016/01/31/homeless-detroit-man-accepts-credit-cards-has-website/,"Homeless Detroit man accepts credit cards, has website",Truth
http://bigstory.ap.org/article/judge-tries-put-end-pajamas-courtroom,Judge tries to put an end to pajamas in the courtroom,Truth
https://www.washingtonpost.com/news/worldviews/wp/2016/01/31/smugglers-keep-trying-to-get-alcohol-into-saudi-arabia-and-customs-officials-keep-tweeting-it/?tid=sm_fb,Smugglers keep trying to get alcohol into Saudi Arabia and customs officials keep tweeting it,Truth
http://occupythevatican.com/2016/01/29/archbishop-says-he-didnt-know-it-was-criminal-to-have-sex-with-children/,Archbishop Says He ‘Didn’t Know’ It Was Criminal To Have Sex With Children.,Truth
http://www.mysanantonio.com/news/local/article/Man-accused-of-arson-allegedly-texted-loved-6796287.php,"Man accused of arson allegedly texted “loved setting your house on fire,” to resident",Truth
http://wpoc.com/onair/st-pierre-23048/parents-sue-maryland-high-school-for-14328991/,Parents Sue Maryland High School For Forcing Their Daughter To Convert To Islam,Truth
http://www.12news.com/story/news/local/valley/2016/01/29/phoenix-council-members-try-block-satanists/79543882/,Phoenix council members try to block Satanists,Truth
http://fox13now.com/2016/01/29/senate-resolution-in-utah-seeks-to-declare-porn-a-public-health-crisis/,Senate resolution in Utah seeks to declare porn a ‘public health crisis’,Truth
http://www.bbc.co.uk/news/uk-england-wiltshire-35453852,Uniformed PCSO mistaken for stripogram at 50th birthday party,Truth
http://www.nytimes.com/politics/first-draft/2016/01/30/a-bloomberg-poll-finds-little-support-for-michael-bloomberg/,A Bloomberg Poll Finds Little Support for Michael Bloomberg,Truth
http://losangeles.cbslocal.com/2016/01/29/murrieta-woman-marries-man-she-never-met-at-ontario-airport/?utm_source=fark&amp;utm_medium=website&amp;utm_content=link,Murrieta Woman Marries Man She Never Met at Ontario Airport,Truth
http://knue.com/school-accidentally-opens-white-pride-fitness-room/,School Accidentally Opens White Pride Fitness Room,Truth
http://time.com/4201284/lebanon-israel-vulture-spying-suspicions/,Vulture Returned to Israel After Bird Is Cleared of Spying,Truth
http://www.cnn.com/2016/01/27/living/exotic-animal-found-on-woman-kinkajou-miami-dade-irpt/index.html?sr=fbCNN013116exotic-animal-found-on-woman-kinkajou-miami-dade-irpt0231AMVODtopLink&amp;linkId=20818723,Woman wakes up to exotic animal caressing her,Truth
http://www.smh.com.au/nsw/the-green-fingered-botanic-garden-thief-caught-red-handed-20160129-gmh4on.html,Theft of plants at Botanic Garden sees the green-fingered caught red-handed,Truth
http://www.nytimes.com/2016/01/31/world/asia/myanmar-logging-elephants-unemployment.html,"Unemployed, Myanmar’s Elephants Grow Antsy, and Heavier",Truth
http://www.news4jax.com/news/wounded-warrior-project-suing-2-injured-veterans,Wounded Warrior Project suing 2 injured veterans,Truth
http://www.independent.co.uk/news/world/americas/utah-porn-ban-public-health-crisis-a6843711.html,Utah wants to declare porn a 'public health crisis',Truth
http://www.foxnews.com/leisure/2016/01/29/now-can-pay-for-college-course-about-eating-tacos/,You Can Now Study Tacos at the University of Kentucky,Truth
http://abcnews.go.com/Health/wireStory/monks-delivered-amazon-role-japanese-temples-fade-36612068,Monks Delivered Via Amazon as Role of Japanese Temples Fade,Truth
http://www.cbc.ca/news/trending/homeless-cash-credit-excuse-1.3426353,No spare change? Homeless panhandler accepts credit card donations too,Truth
http://www.upi.com/Odd_News/2016/01/29/San-Francisco-parks-renovation-includes-open-air-urinal/3751454096306/?spt=sec&amp;or=on,San Francisco park's renovation includes open-air urinal,Truth
http://www.cbc.ca/news/canada/toronto/vote-none-of-the-above-byelection-1.3426783,Man legally changes his name to Above Znoneofthe so it can appear at bottom of ballot,Truth
http://www.bostonherald.com/news/national/2016/01/pepsi_opening_nyc_hipster_joint_to_make_soda_cool,Pepsi opening NYC hipster joint to make soda cool,Truth
http://www.theguardian.com/world/2016/jan/29/mexico-city-name-change-federal-district-df,Mexico City officially changes its name to – Mexico City,Truth
http://www.ky3.com/news/nation/officials-aggressive-coyotes-may-be-high-on-shrooms/21049024_37709570,Officials: Aggressive coyotes may be high on shrooms,Truth
http://www.foxsports.com/nfl/story/chicago-bears-jay-cutler-illinois-obituary-012916,Deceased woman takes one last shot at Bears QB Jay Cutler in obituary,Truth
http://www.rferl.org/content/russia-goat-tiger-gay-propaganda-amur-timur/27519621.html,Russian Lawyer Sees Illegal ‘Gay Propaganda’ In Tiger-Goat Friendship,Truth
https://www.washingtonpost.com/news/checkpoint/wp/2016/01/28/navy-commander-to-plead-guilty-in-corruption-case-involving-lady-gaga-tickets-prostitutes-and-military-secrets/,"Navy commander to plead guilty in corruption case involving Lady Gaga tickets, prostitutes and military secrets",Truth
http://www.bbc.com/news/world-asia-35427926?ocid=socialflow_facebook&amp;ns_mchannel=social&amp;ns_campaign=bbcnews&amp;ns_source=facebook,Stalin 'used secret laboratory to analyse Mao's excrement',Truth
http://www.tampabay.com/news/nation/witch-trials-site-turns-out-to-be----next-to-a-walgreens/2261393,'Witch' trials site turns out to be . . . next to a Walgreens,Truth
http://www.cbc.ca/news/trending/where-s-dad-bod-ken-men-react-to-barbie-s-new-look-with-body-demands-of-their-own-1.3424119,'Where's dad bod Ken?': Men react to Barbie's new look with body demands of their own,Truth
http://www.destructoid.com/fans-petition-nintendo-to-get-danny-devito-to-voice-detective-pikachu-337461.phtml,Fans petition Nintendo to get Danny DeVito to voice Detective Pikachu,Truth
http://www.latimes.com/food/dailydish/la-dd-wine-girl-scout-cookies-20160128-story.html?utm_source=fark&amp;utm_medium=website&amp;utm_content=link,How to pair wine with your favorite Girl Scout cookies,Truth
http://time.com/4199648/snoop-dogg-planet-earth-petition/,Thousands of People Have Signed a Petition for Snoop Dogg to Narrate Planet Earth,Truth
http://www.theindependent.com/news/local/update-accordion-causes-school-evacuation/article_cee9b86c-c53e-11e5-87fd-d717b29f3217.html,Accordion causes school evacuation,Truth
http://www.wxyz.com/news/region/wayne-county/detroit-topless-bars-dwarf-toss-event-enrages-thousands,"Detroit topless bar's ""Dwarf Toss"" event enrages thousands",Truth
http://www.cbc.ca/news/world/kangaroo-explosive-isis-plot-1.3424566,"Kangaroo packed with explosives part of ISIS-inspired plot, prosecutors allege",Truth
http://www.theguardian.com/technology/2016/jan/29/tony-the-tiger-frosties-begs-furries-stop-tweeting-him-porn,Cereal offenders: Tony the Tiger begs furries to stop tweeting him porn,Truth
http://www.theguardian.com/football/2016/jan/29/franck-ribery-court-bayern-munich-scum?CMP=share_btn_tw,French court rules that Bayern’s Franck Ribéry can be called ‘scum’ in book,Truth
http://www.latimes.com/local/lanow/la-me-ln-open-air-urinal-san-francisco-20160128-story.html,Open-air urinal opens at San Francisco park to combat public urination,Truth
http://www.petoskeynews.com/featured-pnr/quick-read-counts-verdicts-witt-receives-innocent-guilty-hung-verdicts/article_318a2e9a-c60f-11e5-be20-9ff419bd7812.html,"Medical marijuana dispensary worker expressed confusion after a jury found him guilty, innocent and undecided on three marijuana charges.",Truth
http://www.theepochtimes.com/n3/1953115-90000-worth-of-parmesan-cheese-recovered-in-wisconsin/,"$90,000 Worth of Parmesan Cheese Recovered in Wisconsin",Truth
http://www.foxsports.com/nfl/story/oakland-raiders-texas-san-antonio-relocation-stadium-trademark-funny-012716,Brilliant California man files to trademark 'San Antonio Raiders',Truth
http://www.upi.com/Odd_News/2016/01/28/Texas-mom-selling-jewelry-made-from-breast-milk/9231454004507/?st_rec=8561454010104,Texas mom selling jewelry made from breast milk,Truth
http://www.chron.com/news/texas/article/Texas-dad-acquitted-of-theft-took-away-6787184.php?cmpid=reddit-mobile,Texas dad who took away daughter's phone not guilty of theft,Truth
http://www.npr.org/sections/thetwo-way/2016/01/28/464708303/maine-governor-to-citizens-load-up-and-get-rid-of-drug-dealers,Maine Governor To Citizens: 'Load Up And Get Rid Of The Drug Dealers',Truth
http://www.armidaleexpress.com.au/story/3693004/jerk-off-planned-for-charity/?cs=471,‘Jerk Off’ planned for charity,Truth
http://www.foxnews.com/world/2016/01/28/lebanon-detains-vulture-suspected-spying-for-israel.html?intcmp=hplnws,Lebanon detains vulture suspected of spying for Israel,Truth
http://www.detroitnews.com/story/news/politics/2016/01/11/doctors-worry-bathing-kids-flint-water/78657992/,Doctors worry about bathing kids in Flint water,Truth
http://wesh.com/entertainment/woman-wakes-up-to-exotic-animal-caressing-her/37670366,Woman wakes up to exotic animal caressing her,Truth
http://www.reuters.com/article/us-northkorea-missile-usa-idUSKCN0V61TL,North Korea activity points to possible space launch: U.S. officials,Truth
http://time.com/4194096/rip-channing-tatum-goat/,Channing Tatum Is Mourning His Dearly Departed Pet Goat,Truth
http://www.abc15.com/news/region-southeast-valley/tempe/pd-man-sprays-tomato-juice-at-planned-parenthood-protestors-in-tempe,PD: Man drives kids to spray tomato juice at Planned Parenthood protestors in Tempe,Truth
http://www.cleveland.com/nation/index.ssf/2016/01/jury_acquits_texas_dad_arreste.html,Jury acquits Texas dad arrested for taking daughter's cell phone,Truth
http://www.independent.co.uk/news/world/middle-east/saudi-arabia-should-make-more-of-its-human-rights-successes-says-foreign-office-minster-tobias-a6837866.html,Saudi Arabia urged to make more of its human rights successes by Foreign Office minster Tobias Ellwood,Truth
http://www.independent.co.uk/arts-entertainment/theatre-dance/news/rat-dies-in-freak-accident-just-as-her-broadway-career-was-flourishing-a6836581.html,NY rat dies in freak accident just as her Broadway career was flourishing,Truth
http://www.michigansthumb.com/news/article_fd8881da-c5d4-11e5-abce-c7b17b1ca0f7.html,Sheriff: ‘Heavy damage’ after vehicle intentionally hits Porta-Potty at wind turbine site,Truth
http://www.michigansthumb.com/news/article_d77c9320-c5cd-11e5-8af8-277c2e921cdf.html,Analysis of racial polling shows whites more aware of racism,Truth
http://www.theguardian.com/us-news/2016/jan/28/microsoft-co-founders-yacht-tears-up-protected-coral-reef-in-cayman-islands-paul-allen,Microsoft co-founder's yacht tears up protected coral reef in Cayman Islands,Truth
http://www.brisbanetimes.com.au/nsw/council-gives-new-citizens-naked-woman-stubby-holder-as-welcoming-gift-20160128-gmgivi.html,Council gives new citizens naked woman stubby holder as welcoming gift,Truth
http://time.com/4192376/hawaii-councilman-tinder/,Hawaiian Politician Who Used Tinder to Find Voters Got More Than He Bargained For,Truth
http://www.tmj4.com/news/local-news/man-accused-of-hitting-mom-with-package-of-bacon,Man accused of hitting mom with package of bacon,Truth
http://www.popsci.com/australian-teen-arrested-for-terror-plot-involving-kangaroo,Australian Teen Arrested For Terror Plot Involving A Bomb In A Kangaroo Pouch,Truth
http://www.thepeterboroughexaminer.com/2016/01/28/teens-rescued-from-ice-floe-on-otonabee-river,Teens Rescued from ice floe on Otonabee River,Truth
http://www.thestar.com/news/world/2016/01/28/filmmaker-forces-british-film-board-to-watch-paint-dry-for-10-hours.html,Filmmaker forces British film board to watch paint dry for 10 hours,Truth
http://www.news.com.au/finance/business/media/we-all-need-the-d-advises-health-agency/news-story/6a8e230f91f5768930601cb8224b2673,"‘We all need the D’, advises health agency",Truth
http://thecitypaperbogota.com/news/farc-requests-removal-from-eu-terrorist-organization-list/11641,FARC requests removal from EU terrorist group list,Truth
http://wgntv.com/2016/01/28/police-officer-will-sue-the-estate-of-the-teen-he-killed/,Chicago police officer will sue estate of teen he fatally shot,Truth
http://www.cnbc.com/2016/01/28/us-detects-signs-n-korea-preparing-for-space-launch-reuters.html,US sees possible N.Korea space launch in near future: Reuters,Truth
http://www.newschannel5.com/news/goodwill-stores-see-drop-in-donations-during-storm,Goodwill Stores See Drop In Donations During Storm,Truth
http://www.foxnews.com/world/2016/01/19/desperate-woman-calls-fire-department-after-losing-key-to-chastity-belt.html?intcmp=obnetwork,Desperate woman calls fire department after losing key to chastity belt,Truth
http://www.news-leader.com/story/news/education/2016/01/26/documents-10-year-old-told-authorities-he-brought-loaded-gun-school-protection-during-drug-deal/79315670/,10-year-old told authorities he brought loaded gun to school for protection during drug deal,Truth
http://www.politico.com/story/2016/01/rand-paul-carmen-sandiego-ad-lawsuit-218343#ixzz3yZeBS81l,'Carmen Sandiego' songwriter threatens to sue Rand Paul,Truth
http://insider.foxnews.com/2016/01/28/dewshine-mt-dew-racing-fuel-mixture-leaves-two-teens-dead-tennessee,Two Teens Dead After Drinking 'Dewshine',Truth
http://www.cnn.com/2016/01/27/middleeast/israel-vulture-lebanon-spy/?iid=ob_lockedrail_topeditorial&amp;iref=obinsite,Israeli vulture detained in Lebanon on suspicion of being a spy,Truth
http://globalnews.ca/news/2483500/watch-terror-plot-to-pack-kangaroo-with-explosives-foiled-australian-court-hears/,Terror plot to pack kangaroo with explosives foiled,Truth
http://www.cbc.ca/news/trending/drake-why-u-no-love-us-1.3424046,Sting's NBA All-Star halftime show is preemptively bumming people out,Truth
http://www.cnn.com/2016/01/27/health/tennessee-teenagers-die-dewshine/,Racing fuel mixed with soda suspected in teens' deaths,Truth
https://theintercept.com/2016/01/28/black-americans-for-a-better-future-super-pac-100-funded-by-rich-white-guys/,“Black Americans for a Better Future” Super PAC 100% Funded by Rich White Guys,Truth
https://www.washingtonpost.com/news/checkpoint/wp/2016/01/27/the-admiral-in-charge-of-navy-intelligence-has-not-been-allowed-to-see-military-secrets-for-years/?platform=hootsuite,The admiral in charge of Navy intelligence has not been allowed to see military secrets for years,Truth
http://www.independent.co.uk/news/world/middle-east/vulture-captured-in-lebanon-suspected-of-spying-for-israel-a6837526.html,Vulture captured in Lebanon suspected of spying for Israel,Truth
http://www.independent.co.uk/news/world/americas/naacp-leader-faces-for-calls-resignation-after-comment-to-reporter-a6839166.html,NAACP leader faces calls for resignation after telling reporter she has 'nice t***',Truth
http://www.theguardian.com/uk-news/2016/jan/28/us-yachtsmen-rescued-nine-times-since-july-say-they-are-totally-capable-guys?CMP=fb_gu,US yachtsmen rescued nine times since July say they are 'totally capable guys',Truth
http://www.bbc.com/news/world-asia-35427926,Stalin 'used secret laboratory to analyse Mao's excrement',Truth
http://edition.cnn.com/2016/01/27/world/opera-singer-police/index.html,"Police respond to domestic violence call, discover opera singer",Truth
http://edition.cnn.com/2016/01/27/health/tennessee-teenagers-die-dewshine/,Racing fuel mixed with soda suspected in Tennessee teens' deaths,Truth
http://Www.cnn.com/2016/01/27/health/tennessee-teenagers-die-dewshine/index.html,"2 Tennessee teenagers die after drinking Mountain Dew mixed with racing fuel. Called it ""Dewshine"".",Truth
http://www.themoscowtimes.com/news/article/russian-lawmaker-blames-us-for-flu-epidemic/557012.html,Russian Lawmaker Blames U.S. for Flu Epidemic,Truth
http://www.foxnews.com/world/2016/01/28/australian-teen-planned-to-pack-kangaroo-with-explosive.html?intcmp=hplnws,Australian teen planned to pack kangaroo with explosive,Truth
http://www.fox4news.com/news/u-s-world/73367670-story,Fugitive sends selfie to police after seeing his 'terrible' mugshot on Facebook,Truth
http://www.restaurantbusinessonline.com/news/moms-group-blasts-olive-garden-aiding-devil,The devil loves breadsticks - Olive Garden on blast for supporting Satan,Truth
http://www.themoscowtimes.com/news/article/russian-lawyer-claims-coverage-of-tiger-goat-friendship-is-gay-propaganda/557280.html,Russian Lawyer Claims Coverage of Tiger-Goat Friendship Is 'Gay Propaganda',Truth
http://www.thestar.com/business/2016/01/28/woman-30-hires-dating-profile-manager-from-craigslist-to-help-her-find-romance.html,"Woman, 30, hires dating profile manager from Craigslist to help her find romance",Truth
http://news.hjnews.com/allaccess/idaho-sumo-wrestler-who-swam-across-bear-lake-returns-from/article_d0ccfab1-d197-5945-9b7b-8d7565bc88d1.html,"Idaho sumo wrestler who swam across Bear Lake returns from Oregon standoff, predicts more bloodshed",Truth
http://abc11.com/archive/9380351/,North Carolina politician writes resignation letter in Klingon,Truth
http://www.foxnews.com/world/2016/01/19/desperate-woman-calls-fire-department-after-losing-key-to-chastity-belt.html,Desperate woman calls fire department after losing key to chastity belt,Truth
http://www.youtube.com/watch?v=qRPOO8ohp44,"With 10 Days Left Until the End of the World, It's Time to Buy the Bowling Alley You Always Wanted",Fake
https://www.reddit.com/r/fakenews/comments/13z4qc/uk_parliament_demands_that_greece_return_the_big/,UK parliament demands that Greece return the Big Ben Clock which was taken by the Greek strongman Earles Elginos in 1803. It is now one of the main attractions in the National Museum in Athens.,Fake
"http://www.theonion.com/articles/detectives-overlooked-casey-anthonys-i-killed-my-d,30515/",Detectives Overlooked Casey Anthony's 'I Killed My Daughter' AMA On Reddit,Fake
http://imgur.com/EVUwd,"Romney sits down with Julian Assange, promises U.S. asylum if he stops being so ""truthful""",Fake
http://theleakywiki.com/index.php/k2-front-page/item/1013-bin-ladens-resting-place-a-shrine-for-sea-creatures,Bin Laden's Resting Place a 'Shrine' for Sea Creatures ,Fake
https://theleakywiki.com/k2-front-page/item/1004-love-officially-classed-as-disease,'Love' officially classed as disease,Fake
http://www.thedailymash.co.uk/news/international/assange-to-be-tempted-from-embassy-with-trail-of-secrets-2012082038528,Assange to be tempted from embassy with trail of secrets,Fake
http://christwire.org/2012/07/false-atheist-god-flying-spaghetti-monster-appears-over-israel/,"The atheist god Flying Spaghetti Monster was seen flying over Israel, trying to steal Higgs Boson God particle souls from Christians",Fake
http://www.theleakywiki.com/index.php/k2-front-page/item/978-child-consumes-pudding-before-meat-long-time-question-answered,"Child Consumes Pudding Before Meat, Long Time Question Answered",Fake
http://nightlycitizen.com/2012/04/20/hitlers-birthday-taints-marijuana-salvation-day/,Marijuana Salvation Day,Fake
https://www.reddit.com/r/fakenews/comments/siv7s/whats_with_the_picture_of_a_brick_at_the_bottom/,What's with the picture of a brick at the bottom of my reddit.com home page? Anyone?,Fake
http://www.theleakywiki.com/index.php/k2-front-page/item/954-obama-sends-strong-message-to-hollywood-launches-nuclear-strike-against-george-lucas,Obama Sends Strong Message to Hollywood; Launches Nuclear Strike Against George Lucas,Fake
http://www.theleakywiki.com/index.php/k2-front-page/item/933-study-finds-alcohol-responsible-for-people-having-fun,Study Finds Alcohol Responsible for Having Fun,Fake
http://www.theleakywiki.com/index.php/k2-front-page/item/926-tennessee-legislature-ratifies-controversial-new-chemistry-curriculum,Tennessee Legislature Ratifies New Chemistry Curriculum,Fake
http://www.theleakywiki.com/index.php/k2-front-page/item/923-one-direction-regretting-success,One Direction Regretting Success,Fake
http://www.theleakywiki.com/index.php/k2-front-page/item/934-%E2%80%98hunger-games%E2%80%99-author-reveals-concerns-over-title-related-puns,'Hunger Games' Author Reveals Concerns over Title-Related Puns,Fake
http://www.theleakywiki.com/index.php/k2-front-page/item/892-rick-santorum-threatens-to-cut-himself-if-he-doesnt-win-the-republican-primary,"Rick Santorum Goes Emo, Threatens to ""Cut Himself"" if He Loses Primary",Fake
http://www.theleakywiki.com/index.php/k2-front-page/item/896-local-boy-gets-a-record-7-likes-on-witty-status-update,"Local Boy Gets a Record 7 ""Likes"" on his Facebook Page",Fake
http://boygirlbathroomgraffiti.tumblr.com/tagged/celebrity,Fake Celebrity News (Bathroom graffiti): Denzel Washington has illegitimate son,Fake
http://www.theleakywiki.com/index.php/k2-front-page/item/762-groundbreaking-new-study-finds-pcp-users-15-times-more-likely-to-be-abducted-probed-by-aliens,"Groundbreaking New Study Finds PCP Users 15 Times More Likely to be Abducted, Probed by Aliens",Fake
http://www.somethingawful.com/d/news/society-time-travel.php,Society of Amateur Time Travelers Historical Updates for 16 November,Fake
http://www.theleakywiki.com/k2-front-page/item/600-porn-begins-using-product-placement,Porn Begins Using Product Placement,Fake
http://thecreationnews.com/index.php/component/k2/item/70-planned-parenthood-to-offer-two-for-one-abortions,Planned Parenthood to offer two for one abortions!,Fake
http://www.theserummagazine.com/2011/08/other-controversial-presidential.html,Barack Obama's and other controversial vacations by Presidents in American history.,Fake
http://www.theleakywiki.com/k2-front-page/item/456-wisconsin-schools-go-vegetarian-serve-eight-new-flavors-of-butter,"Wisconsin Schools Go Vegetarian, Serve Eight Flavors of Butter",Fake
http://www.theleakywiki.com/k2-front-page/item/472-et-loses-foot-to-diabetes,E.T. Loses Foot to Diabetes,Fake
http://www.chronicle.su/news/hacked-justin-bieber-e-mails-pressure-girlfriend-into-abortion/,Hacked Justin Bieber e-mails pressure girlfriend into abortion,Fake
http://www.theleakywiki.com/k2-front-page/item/478-man-regrets-8-inch-cigar-purchase-after-12-inches-of-smoking,Man Regrets Purchasing 8-inch Cigar After 1.2 Inches of Smoking,Fake
http://www.theleakywiki.com/k2-front-page/item/459-professor-celebrates-25th-year-of-teaching-ridiculously-fabricated-lessons,Professor Celebrates 25th Year of Teaching Completely Fabricated History Lessons,Fake
http://www.theleakywiki.com/k2-front-page/item/468-nasa-to-restart-space-shuttle-with-slight-modifications,NASA to use sponsorship for shuttle program relaunch.,Fake
http://www.theleakywiki.com/reporter-community/the-editors-room-k2/item/474-nick-griffin-re-elected-as-bnp-leader-by-%E2%80%98crushing%E2%80%99-nine-vote-margin,Nick Griffin re-elected as BNP leader by ‘crushing’ nine-vote margin,Fake
http://www.chronicle.su/news/i-am-the-true-leader-of-anonymous/,I am the true leader of Anonymous,Fake
http://www.theleakywiki.com/reporter-community/the-editors-room-k2/item/460-bachman-declares-herself-son-of-god,"Bachman Declares Herself ""Son of God""!",Fake
http://www.theleakywiki.com/reporter-community/the-editors-room-k2/item/457-health-group-backs-free-abortions,Health Group Backs Free Abortions,Fake
http://www.theleakywiki.com/reporter-community/the-editors-room-k2/item/436,Study links breast milk to male genital size,Fake
http://www.chronicle.su/editorial/rupert-murdoch-is-responsible-for-the-hacking-of-911-victims/,Rupert Murdoch is responsible for the hacking of 9/11 victims,Fake
http://www.theleakywiki.com/reporter-community/the-editors-room-k2/item/445-ageing-rock-stars-double-team-%E2%80%98little-schoolgirl%E2%80%99,Ageing rock stars double-team ‘Little Schoolgirl’ ,Fake
http://www.theleakywiki.com/reporter-community/the-editors-room-k2/item/426-sexism-scandal-overshadows-womens-world-cup,Sexism scandal overshadows Women's World Cup ,Fake
http://www.theleakywiki.com/reporter-community/the-editors-room-k2/item/415-outrage-after-author-smears-ebook-sceptics-as-%E2%80%9Cpro-slavery%E2%80%9D?utm_source=twitterfeed&amp;utm_medium=twitter,Outrage after author smears eBook sceptics as “pro-slavery” ,Fake
http://www.theleakywiki.com/reporter-community/the-editors-room-k2/item/413-scottish-nationalists-kidnap-andy-murray,Scottish nationalists kidnap Andy Murray ,Fake
http://www.picable.com/Concepts/Destruction/Jet-Crash-Nearly-Destroys-Infamous-Psycho-House.2263899,Jet Crash Nearly Destroys Infamous 'Psycho' House,Fake
http://www.thedailymash.co.uk/news/society/hipsters-denied-right-to-verbal-communication-201103173637/,Hipsters denied right to verbal communication,Fake
http://www.themq.com/index.php?articles_id=1052&amp;issue=175,Planned Parenthood Cuts Seek to Redefine ‘Health’,Fake
http://www.reddit.com/tb/fyule,John boehner just had personal tanning bed installed in speakers office...what a dick,Fake
http://latimesblogs.latimes.com/entertainmentnewsbuzz/2011/02/jon-stewart-stephen-colbert-return-to-hulu.html,"Jon Stewart, Stephen Colbert return to Hulu | Company Town | Los Angeles Times",Fake
http://authspot.com/thoughts/dropping-like-flies/,Mass Deaths; End of Times?,Fake
http://mytinyspot.blogspot.com/2010/11/write-in-votes-pile-up-for-alaska.html,Write-In Votes And Satire Pile Up For Alaska GOP/Tea Party Senate Hopeful Joe Miller. ,Fake
http://youknowfunny.blogspot.com/2010/08/obama-gambles-on-new-plan-to-kickstart_18.html,Obama gambles on new plan to kickstart education,Fake
http://www.huffingtonpost.com/ross-luippold/the-onion-9-11-comedy-curative_b_713257.html,The Onion's John Krewson Talks 9/11 And Comedy As A Curative ,Fake
"http://www.theonion.com/video/al-qaeda-also-fed-up-with-ground-zero-construction,14138/",Al Qaeda fed up with ground zero construction delays.,Fake
https://www.reddit.com/r/fakenews/comments/cj44d/couple_tried_to_sell_baby_outside_walmart_for_25/,Couple Tried to Sell Baby Outside Walmart for $25...,Fake
http://tpzoo.wordpress.com/2010/05/30/breaking-news-bp-purchases-gulf-of-mexico/,Breaking News: BP Purchases Gulf of Mexico,Fake
http://www.theonion.com/content/video/apple_introduces_revolutionary,Apple introduces revolutionary new laptop with no keyboard ,Fake
http://www.aestheticoctopus.com/2009/12/10/i-fucked-tiger-woods/,I Fucked Tiger Woods,Fake
http://www.theonion.com/content/news/shell_executives_accuse_oil,Shell Executives Accuse Oil-Covered Otter Of Playing It Up,Fake
http://tpzoo.wordpress.com/2009/09/24/sarah-palin-speaks-in-hong-kong-heres-the-transcript-wink-wink/,"Sarah Palin speaks in Hong Kong - Here’s the transcript, you betcha!",Fake
http://trueslant.com/jeffhoard/2009/08/31/102-cable-news-vortex/,Stewart / O'Reilly editing feud turns into a cable news vortex,Fake
https://www.reddit.com/r/fakenews/comments/9ew7u/bill_cosby_passes_away_at_72_source_in_comments/,Bill Cosby passes away at 72 (source in comments),Fake
http://authspot.com/letters/an-open-letter-to-dr-axelrods-new-serial-killers-article/#comment-889561,An Open Letter to Dr. Axelrod's New Serial Killers Article,Fake
http://finance.yahoo.com/news/Elizabeth-McCaughey-Resigns-prnews-2975137710.html?x=0&amp;.v=1,Elizabeth McCaughey Resigns As Director of Cantel Medical - The Day after Jon Stewart debated her on Health Care Reform,Fake
http://www.thedailyshow.com/watch/wed-september-13-2006/the-question-mark,"Jon Stewart renames the question mark to ""The Cavuto""",Fake
http://nymag.com/daily/intel/2009/08/why_conservative_pundits_love.html,Why Neo-Conservatives love being guests on the Daily Show with Jon Stewart,Fake
http://www.theonion.com/content/news_briefs/rapper_not_entirely_sure?utm_source=a-section,Rapper Not Entirely Sure Who Else Is On This Track | The Onion,Fake
http://www.thedailyshow.com/watch/wed-july-29-2009/so-you-think-you-can-douche,Daily Show exposes the douchebags of Cable News,Fake
http://trueslant.com/jeffhoard/2009/07/23/jon-stewart-takes-on-the-birthers/,"Jon Stewart takes on the Birthers, specifically Lou Dobbs",Fake
http://www.thedailyshow.com/video/index.jhtml?videoId=112657&amp;title=Sean-Hannity-and-Alan-Colmes,How bizarre was 2003? Sean Hannity was a guest on The Daily Show.,Fake
http://demockracy.com/cheney-seeks-true-love-online/,Cheney Seeks True Love Online ,Fake
http://www.theonion.com/content/node/28789,Man Who Thought He Was On Date Actually Just At Work-Related Get-Together,Fake
http://www.theonion.com/content/news/dna_evidence_frees_man_from_zoo?utm_source=onion_rss_daily,DNA Evidence Frees Man From Zoo,Fake
http://borowitzreport.com/article.aspx?ID=7037,Ayatollah Warns Iranians: 'I am Following You All on Twitter',Fake
http://borowitzreport.com/article.aspx?ID=7029,US to Respond to North Korea with 'Strongest Possible Adjectives',Fake
http://www.theonion.com/content/news/chinese_woman_gives_birth_to?utm_source=onion_rss_daily,"Chinese Woman Gives Birth to Septuplets, Has One Week To Choose",Fake
http://www.theonion.com/content/news/world_death_rate_holding_steady_at?utm_source=onion_rss_daily,World Death Rate Holding Steady At 100 Percent,Fake
http://newsbiscuit.com/2009/06/11/farmer-admits-that-most-tractor-journeys-are-just-to-annoy-other-road-users/,Farmer admits that tractor journeys are ‘just to annoy other road users’,Fake
http://www.ryangarns.com/archives/article_060909.php,Billy Mays for Waterboarding,Fake
http://www.thedailymash.co.uk/index.php?option=com_content&amp;task=view&amp;id=1813&amp;Itemid=59,Time traveller from the future warns of Terminator sequels,Fake
http://www.theonion.com/content/news/police_iphone_left_in_hot_car_for?utm_source=twitterfeed&amp;utm_medium=twitter,Police: iPhone Left In Hot Car For Three Hours,Fake
http://hubpages.com/hub/How-the-hair-in-my-drain-is-like-the-curve-of-our-ever-expanding-universe,How the hair in my drain is like the curve of our ever-expanding universe,Fake
http://www.theonion.com/content/magazine/we_regret_asking_americans_to,We Regret Asking Americans About Faith.,Fake
http://hubpages.com/hub/A-Modern-Proposal,A Modern Proposal,Fake
http://www.theonion.com/content/news_briefs/shadow_government_getting,When the shadow government grows too large and powerful...,Fake
http://www.theonion.com/content/node/43014,CIA Realizes It's Been Using Black Highlighters All These Years,Fake
http://www.thedailymash.co.uk/news/celebrity/i%27ve-been-this-unbearable-since-i-was-eight%2c-says-winslet-200902231596/,"I've been this unbearable since I was eight, says Winslet",Fake
http://www.theonion.com/content/video/courageous_man_refuses_to_believe,Courageous Man Refuses To Believe He Has Cancer,Fake
http://notnews.today.com/2009/01/25/tories-head-downmarket/,Tories attempt to get the working man's vote...,Fake
http://www.thedailymash.co.uk/news/business/twelve-year%11olds-urged-to-knock%11up-local-tart-200902161579/,Twelve year-olds urged to knock-up local tart,Fake
http://www.theonion.com/content/video/fda_approves_depressant_drug_for?utm_source=reddit_1,FDA Approves Depressant Drug For The Annoyingly Cheerful,Fake
http://thestupidtimes.blogspot.com/2009/02/tsvangirai-broken-in-as-zimbabwes-pm.html,Tsvangirai broken in as Zimbabwe's PM ,Fake
http://www.thedailymash.co.uk/sport/sport-headlines/johnson-unveils-horribly-foul%11mouthed-olympic-slogan-200902121575/,Boris Johnson unveils horribly foul-mouthed Olympic slogan,Fake
http://thestupidtimes.blogspot.com/2009/02/following-tied-israeli-elections-both.html,"Following tied Israeli elections, both sides claim mandate to shit on Palestine ",Fake
http://newsbiscuit.com/article/jamie-oliver-campaigns-for-healthy-alternatives-to-salt-for-icy-roads-473,Jamie Oliver campaigns for healthy alternatives to salt for icy roads,Fake
http://www.theonion.com/content/video/in_the_know_are_reality_shows?utm_source=reddit_1,In The Know: Are Reality Shows Setting Unrealistic Standards For Skanks?,Fake
http://newsbiscuit.com/article/government-steps-in-to-save-nations-snowmen-470,UK government agrees rescue package for snowmen,Fake
http://www.dailyfortnight.com/world/15chinesegovernment.htm,Chinese Government to Crack Down on Underage Thinking ,Fake
http://www.thedailymash.co.uk/politics/politics-headlines/what-is-your-fucking-problem?-britain-asks-imf-200901291541/,'What is your fucking problem?' Britain asks IMF,Fake
http://riverscrap.typepad.com/home/2009/01/rbs-shares-rally-as-some-black-guy-gets-top-job.html,RBS shares rally as 'some black guy' gets top job,Fake
http://www.humorfeed.com/,Humorfeed-a syndication of the best of  fake news web sites with multiple new stories every day,Fake
http://www.thedailymash.co.uk/news/international/hudson-crash-landing-still-better-than-heathrow-200901161514/,Hudson crash landing 'still better than Heathrow',Fake
http://www.newsmutiny.com/pages/World/JewishCanal.html,Ancient diary proves Jewish claim on Panama Canal,Fake
http://retroyakking.today.com/2009/01/13/news13-1/,Greggs announce plans to deep fry chip paper and polystyrene containers &amp; other stories for Jan 13,Fake
http://itaglive.com/u-s/gender-equality-paves-way-for-new-classes/,Gender Equality Paves Way For New Classes,Fake
http://thehardtimes.net/2016/01/27/insane-clown-posse-sends-10000-bottles-of-faygo-to-flint-mi/,"Insane Clown Posse Sends 10,000 Bottles of Faygo to Flint, Michigan - The Hard Times",Fake
http://itaglive.com/u-s/oregon-militia-people-demand-government-pay-them-taxes/,"Government Should Pay THEM Taxes, Militia People Say",Fake
https://www.reddit.com/r/fakenews/comments/41q1gd/another_celebrity_death_the_saddest_of_them_all/,"Another Celebrity Death, The Saddest of them All",Fake
http://itaglive.com/science/scientists-regret-teaching-computer-to-love/,Scientists Regret Teaching Computer to Love - iTag: Live,Fake
http://i.imgur.com/6rrwoj0.jpg,François Hollande's Dopple Ganger,Fake
http://itaglive.com/science/man-claims-he-was-attacked-by-a-pterodactyl/,Man Claims He Was Attacked By A Pterodactyl,Fake
https://www.reddit.com/r/fakenews/comments/4124lm/1_bitcoin31999_wwwbisburycom_delivery_in_1/,1 Bitcoin=$319.99 www.bisbury.com delivery in 1 minutes paypal.creditcard 0.1 Bitcoin=$39.99 0.5 Bitcoin=$169.99 www.bisbury.com,Fake
http://itaglive.com/science/first-successful-teleportation-sort-of/,First Successful Teleportation - Sort Of.,Fake
http://itaglive.com/politics/canada-sues-over-geese-name/,Canada Finally Tries To Distance Themselves From Geese,Fake
http://itaglive.com/u-s/local-arsonist-sues-man-for-home-fire/,Local Arsonist Sues Man For Home Fire,Fake
http://itaglive.com/u-s/doctors-irate-over-mans-ability-to-lose-35-lbs-in-2-hours/,Revolutionary New Weight Loss Method!,Fake
https://www.washingtonpost.com/news/the-intersect/wp/2015/12/18/what-was-fake-on-the-internet-this-week-why-this-is-the-final-column/,All the fake news on the internet this week.,Fake
http://imgur.com/zi4PIHV,"Made this for my daughter to see today. Had to do it, I just cant buy this thing.",Fake
https://www.change.org/p/the-internet-corporation-for-assigned-names-and-numbers-icann-petition-icann-for-new-voluntary-domain-suffix-for-news-satire-and-parody-websites,Petition to ICANN: Create a new voluntary Domain Suffix for News Satire and Parody Websites,Fake
https://www.reddit.com/r/fakenews/comments/3vh4hk/mississippi_man_arrested_for_sacrificing_humans/,Mississippi Man Arrested for Sacrificing Humans to Joan River's Ghost,Fake
http://newsexaminer.net/entertainment/fallout-4-hidden-strip-club-in-diamond-city-contains-quests-and-unique-weapons/,fallout 4 hidden strip club in diamond city contains quests and unique weapons,Fake
https://www.thecirclepit.com/2015/11/anup-sastry-anus-pastry-fake-story.html,Anup Sastry's Anus Pastries,Fake
http://www.tydn.com/2015/11/porn-aficionados-say-ipad-pro-is.html,Porn Aficionados Say Apple iPad Pro Is Greatest Tablet Ever,Fake
http://bvgvoice.com/2015/11/top-10-things-to-bathe-in/,Top 10 Things to Bathe In,Fake
https://www.reddit.com/r/fakenews/comments/3riscn/is_the_telsa_giga_factory_an_actual_racist_nigga/,"Is the Telsa Giga factory an actual racist ""Nigga Factory?""",Fake
http://www.lawinsideout.com/2015/10/milf-reveals-shocking-secret.html,MILF Reveals Shocking Secret,Fake
http://www.lawinsideout.com/2015/10/court-rejects-appeal-brief-too-boring_16.html,Court Rejects Appeal: Brief Too Boring,Fake
http://realnewsrightnow.com/2015/10/starbucks-opens-five-stores-in-jordans-2nd-largest-refugee-camp/,Starbucks Opens Five Stores in Jordanian-Run Refugee Camp,Fake
https://youtu.be/BkkouIocSg4,Sharkbite action News Intro,Fake
https://www.the-newshub.com/us-politics/exclusive-interview-charlton-hestons-cold-dead-hand-running-crawling-for-republican-nomination-satire,"Exclusive Interview: Charlton Heston's cold, dead hand running (crawling) for Republican nomination",Fake
http://patriotdefendernews.com/scandal-donald-trumps-raunchy-sex-tape-with-bruce-jenner/,Donald Trump Bruce Jenner Scandal,Fake
http://thescepticalpoet.com/2015/10/05/human-ancestors-split-from-chimps-because-of-dispute-over-a-rock/,Human Ancestors Split From Chimps Because of Dispute Over a Rock,Fake
http://www.theonion.com/article/gop-candidates-fiercely-divided-over-how-much-volt-51377,GOP Candidates Fiercely Divided Over How Much Voltage Border Wall Should Be Electrified With,Fake
http://ersatz.news/index.php/2015/09/23/monica-lewinskys-oral-blunder-lands-her-back-in-the-news/,Monica Lewinsky’s oral blunder lands her back in the news,Fake
http://feednewz.com/top-news/591986/the-truth-about-trumps-hair-83090,The truth about Trump's hair,Fake
http://feednewz.com/top-news/591973/lebron-changes-teams-again-44656,Lebron changes teams again.,Fake
http://feednewz.com/top-news/591984/kanye-west-in-traction-56739,Kanye West in traction...,Fake
http://imgur.com/B7QlVJw,Hackers to release another list of users,Fake
http://www.dailyfuckingnews.com/news/2015/local-man-accidentally-swipes-left-for-high-school-crush-forced-to-purchase-tinder-subscription/,"Local Man Accidentally Swipes Left For High School Crush, Forced To Purchase Tinder+ Subscription",Fake
http://www.dailyfuckingnews.com/news/2015/marvels-daredevil-the-game-simulates-blindness-on-xbox-and-ps4/,Marvel’s ‘Daredevil: The Game’ Simulates Blindness on Xbox and PS4,Fake
http://www.dailyfuckingnews.com/news/2015/latest-trump-backlash-proves-one-white-woman-more-important-than-all-mexicans-combined/,Latest Trump Backlash Proves One White Woman More Important Than All Mexicans Combined,Fake
http://thedailyappeaser.com/index.php/2015/08/01/breaking-shooting-massacre-averted-at-california-shopping-mall/,BREAKING: Shooting Massacre Averted at California Shopping Mall,Fake
https://www.reddit.com/r/fakenews/comments/3emr0z/calling_all_lovers_of_satire/,Calling all lovers of Satire:,Fake
http://imgur.com/swu1lqu,CNN Headlines,Fake
http://www.bannedfromthenet.com/trump/,"Mexican Assassins almost kill Donald Trump at fund raising speech in Atlantic City, NJ.",Fake
http://ubwg.net/Scientists-discover-that-Pluto-doesnt-exist.-Only-a-hologram-created-by-Supernatural-beings,Scientists discover that Pluto doesn't exist. Only a hologram created by supernatural beings,Fake
http://r10.fodey.com/2373/d7debcc00f014cfe85ecab2a52946378.0.jpg,"Today was a big step, for the world to stop caring who a person chooses two love",Fake
http://notallowedto.com/miley-cyrus-wants-to-become-a-boy-considering-sex-change-operation/,Miley Cyrus Wants to Become a Boy,Fake
http://www.newyorker.com/humor/borowitz-report/dellavedova-breaks-arms-legs-neck-will-play-game-4?intcid=mod-latest,"Dellavedova Breaks Arms, Legs, Neck; Will Play Game 4",Fake
http://naturalnewd.com/articles/fighting-against-chemtrails,Unknown Activists Fighting Back Against Chemtrails,Fake
http://www.thepolitist.com/2015/05/thor/,US Conservatives Demand “Avengers” Replace Thor with Jesus,Fake
https://www.reddit.com/r/fakenews/comments/34wggx/exercise_causes_cancer/,Exercise causes cancer,Fake
http://www.thepolitist.com/2015/04/kg-lbs/,Kilogram Lighter than Pound Amid Euro Collapse,Fake
http://www.thepolitist.com/2015/04/turkey/,Turkey Refuses to Recognize Death of Michael Jackson,Fake
http://pipplewipple.com/aaron-hernandez-murders-his-new-cellmate-hours-after-being-found-guilty/,Aaron Hernandez Murders His New Cellmate Hours After Being Found Guilty!,Fake
http://flopstory.com/2015/04/14/majority-of-water-in-india-trapped-in-beer/,Survey: Majority of Water In India Trapped In Booze,Fake
http://www.buzzfeed.com/jamesfelton/man-who-impersonated-disabled-people-in-order-to-g-144qv,Man Who Impersonated Disabled People In Order To Get Parking Space Asks “Where’s My Oscar?”,Fake
https://www.reddit.com/r/fakenews/comments/2v8b3g/proctor_gamble_app_hack_exposed_millions_of_users/,Proctor &amp; Gamble App Hack Exposed- Millions of users credit made public,Fake
http://www.yoursweekly.com/a_2cd6326e-bb50-43a0-8452-ac604a79aea3,"After 15 Years of Involuntary Whistling, Justin Bieber Gets a Second Wind",Fake
http://www.newyorker.com/humor/borowitz-report/jeb-bush-resigns-george-w-bushs-brother,Jeb Bush Resigns as George W. Bush’s Brother,Fake
http://www.reddit.com/,Police Officer acquitted of raping a dead moose and stealing the crown jewels while riding a stolen tank through Area 51.,Fake
http://free-codes.dawn-download.com/?ref=aljOTVfQc,Spiderman joins marvel! Real!,Fake
http://en.uncyclopedia.co/wiki/UnNews:President_pardons_furries,President Obama pardons furries,Fake
https://www.reddit.com/r/fakenews/comments/2kpck7/with_windows_10_just_around_the_corner_microsoft/,"With Windows 10 just around the corner, Microsoft Announces Windows UNIX, Microsofts answer to Mac OSX",Fake
https://www.youtube.com/watch?v=LEmRyl6sFqQ,How the latest outbreak of ebola spread- the real story.,Fake
http://www.amplifyingglass.com/ebola-vaccine-bad/#jXgJ43QfS5sx7FOk.16,Jenny McCarthy: ‘An Ebola Vaccine Would Be Horrible!’ | Amplifying Glass,Fake
http://www.amplifyingglass.com/ebola-poll/,"New Poll Shows Americans Confused About Ebola, Evolution.",Fake
http://realityisnotso.blogspot.com/2014/09/california-man-suing-spotify-for.html,California Man Suing Spotify for Wrongful Conception,Fake
https://www.reddit.com/r/fakenews/comments/2gn0ex/lets_get_back_together_cameron_invites_ireland_to/,Let's Get Back Together: Cameron Invites Ireland to Rejoin United Kingdom,Fake
http://jujufeed.com/kgb-claims-evidence-president-obama-robot/,KGB Claims to Have Evidence President Obama is a Robot,Fake
https://www.reddit.com/r/fakenews/comments/2bx3td/putin_seeks_advice_on_ukraine_from_youtube/,PUTIN SEEKS ADVICE ON UKRAINE FROM YOUTUBE CELEBRITY,Fake
https://www.facebook.com/doc.roonald,PUTIN SEEKS ADVICE ON UKRAINE FROM YOUTUBE CELEBRITY,Fake
http://www.yoursweekly.com/a_76f395af-7b0a-4897-8d6e-015f7ccb8fb4,Born Again? Justin Bieber Freed by Firemen After Being Trapped Inside Vagina,Fake
http://www.tydn.com/2014/07/supreme-court-rules-minorities-poor-and.html,"Supreme Court Rules Minorities, Poor and Gays Excluded From ObamaCare",Fake
http://www.yoursweekly.com/a_7096a938-3803-4a78-bb3f-faff0e99c2a7,"After 15 Years of Involuntary Whistling, Wil Wheaton Gets a Second Wind",Fake
http://www.tydn.com/2014/07/obama-brokers-5-minute-middle-east.html,"Obama Brokers 5-Minute Middle East Peace Accord Between Hamas, Israel",Fake
http://www.tydn.com/2014/07/notorious-music-pirate-apologizes-for.html,Notorious Music Pirate Apologizes for Wrongly Tagged Pre-Release Pirate Bay Upload,Fake
http://www.npr.org/blogs/alltechconsidered/2013/12/17/251992536/security-guards-at-big-tech-companies-struggle-with-low-pay,Google redacts: Google ment to say that only white males working for a company should work less as this program would be in beta mode and invite only.,Fake
http://en.uncyclopedia.co/wiki/UnNews:Handicapped_drivers_to_display_warning_flags,UnNews:Bad drivers to display warning flags,Fake
https://www.youtube.com/watch?v=kb28BuGeXyg,A web series I started working on recently. Bad News. I think it came out well.,Fake
http://soloman.svbtle.com/voicemail-from-the-the-sewol-sinking-ferry,New Voicemail from the Submerged Korean Ferry,Fake
http://theyam.org/2014/05/12/local-wizards-save-nessie-again/,Local Wizards Save Nessie Again,Fake
http://realityisnotso.blogspot.com/2014/05/white-college-girl-drinks-alcohol.html,"White College Girl Drinks Alcohol, Doesn’t Make It a Big Deal",Fake
http://www.roartheatre.com/deducers/bully-doesnt-understand-stop-hitting-game-breaks-nose/,Bully that doesn't understand stop hitting yourself game breaks own nose,Fake
https://www.reddit.com/r/fakenews/comments/24p7n9/one_direction_impotent_due_to_skinny_jeans/,One Direction impotent due to skinny jeans,Fake
https://www.reddit.com/r/fakenews/comments/24exoh/consortium_of_north_dakota_college_students/,"Consortium of North Dakota college students attempt to buy Clippers, move team to Valley City",Fake
http://i.imgur.com/9F2GQGO.png,New Marilyn Monroe Quote Found,Fake
https://www.reddit.com/r/fakenews/comments/1yrrrx/first_gay_athlete_in_major_sports_nba_star_jason/,"First gay athlete in major sports, NBA star Jason Collins, performs fellatio on microphone in post-game interview.",Fake
http://r9.fodey.com/2298/b2249d031e244f4fb088c526dba950d1.0.jpg,Greeks invented homosexuality! (Fake News Article),Fake
http://newyuktimes.blogspot.com/2013/04/toy-collectors-genitals-in-mint.html,Toy Collector's Genitals in Mint Condition,Fake
http://blog.jeffcordes.com/?p=20,Santa’s New Technology,Fake
http://dailycurrant.com/2013/11/30/woman-kills-three-for-last-x-box-at-chicago-wal-mart/,Woman Kills Three For Last X-Box at Chicago Wal-Mart,Fake
"http://www.theonion.com/articles/42-million-dead-in-bloodiest-black-friday-weekend,30517/",42 Million Dead In Bloodiest Black Friday Weekend On Record | The Onion,Fake
http://pondicherryassociation.com/2013/09/06/big-chips-ramping-it-up-with-books/,BIG CHIPS: Ramping it Up with Some Books,Fake
https://www.reddit.com/r/fakenews/comments/1kek4w/bbc_documentarian_simon_reeve_proposes_regreening/,"BBC documentarian Simon Reeve proposes re-greening and re-wilding of over a quarter of mainland Britain. Lions, boars, and bears will roam over the reforested land, restoring Britain's pristine ecological wealth.",Fake
http://21stcenturywire.com/2013/07/07/breaking-seventy-two-killed-by-law-enforcement-while-resisting-gun-confiscation-in-boston/,BREAKING: Seventy-two killed by law enforcement while resisting gun confiscation in Boston,Fake
http://www.laughinginpurgatory.com/2013/04/jain-geneticists-have-engineered-human.html,Jain Geneticists Have Engineered a Human Being Who Utilizes Photosynthesis,Fake
https://www.reddit.com/r/fakenews/comments/18c66q/neuroscientists_discover_truth_about_secrets_wont/,"Neuroscientists Discover Truth About Secrets, Won't Tell",Fake
https://www.reddit.com/r/fakenews/comments/18c5f2/netflixs_house_of_cards_resurrects_occupy_movement/,Netflix's House of Cards Resurrects Occupy Movement,Fake
https://www.reddit.com/r/fakenews/comments/184qk0/retiring_mayor_bloomberg_of_nyc_to_move_into_tiny/,"Retiring Mayor Bloomberg of NYC to move into tiny 300-square-foot apartment (larger than a jail cell, but smaller than mobile home) championed by him a year ago as the solution for city living conditions.",Fake
https://www.reddit.com/r/fakenews/comments/15mlli/christian_fundamentalists_envious_of_islamists/,"Christian fundamentalists envious of Islamists’ Harsh Justice in North Mali - Amputations have occurred at least 14 times since the Islamist takeover of the region last spring, with a vow of more to come. Bible thumpers dream of doing the same in the future, the world over.",Fake
http://www.youtube.com/watch?v=qRPOO8ohp44,"With 10 Days Left Until the End of the World, It's Time to Buy the Bowling Alley You Always Wanted",Fake
https://www.reddit.com/r/fakenews/comments/13z4qc/uk_parliament_demands_that_greece_return_the_big/,UK parliament demands that Greece return the Big Ben Clock which was taken by the Greek strongman Earles Elginos in 1803. It is now one of the main attractions in the National Museum in Athens.,Fake
"http://www.theonion.com/articles/detectives-overlooked-casey-anthonys-i-killed-my-d,30515/",Detectives Overlooked Casey Anthony's 'I Killed My Daughter' AMA On Reddit,Fake
http://www.cbc.ca/news/canada/british-columbia/gay-couples-same-sex-marriage-pressure-1.3422549,"Gay couples feel pressure to marry and conform, UBC study finds",Truth
http://www.ksl.com/?sid=38299808&amp;nid=1009&amp;fm=home_page&amp;s_cid=toppick1,Dad found not guilty for taking tween's phone away,Truth
http://www.seattletimes.com/nation-world/figure-skating-program-uses-picture-of-wrong-twin-city/,Figure Skating program uses picture of wrong Twin City,Truth
http://independent.ie/irish-news/courts/schoolboy-mugging-accused-throws-coke-bottle-at-judge-as-she-refuses-bail-34403828.html,Schoolboy mugging accused throws Coke bottle at judge as she refuses bail,Truth
http://www.upi.com/Odd_News/2016/01/27/Police-kick-in-opera-singers-door-after-confusing-singing-with-screaming/7261453926197/?spt=sec&amp;or=on,Police kick in opera singer's door after confusing singing with screaming,Truth
http://www.her.ie/life/woman-says-shes-a-cat-trapped-in-a-human-body/276429,Woman Says She's a Cat Trapped in a Human Body,Truth
http://abcnews.go.com/International/wireStory/australian-accused-planning-pack-kangaroo-bomb-36563048,Australian Accused of Planning to Pack Kangaroo With Bomb,Truth
http://www.bbc.com/news/world-europe-35427923,Police investigating 'screaming' find a man singing opera,Truth
http://www.phoenixnewtimes.com/news/phoenix-naacp-boss-don-harris-likes-tits-not-n-word-8005789,"Phoenix NAACP boss Don Harris likes ""tits,"" not N-word",Truth
http://www.theindependent.com/news/local/update-accordion-causes-school-evacuation/article_cee9b86c-c53e-11e5-87fd-d717b29f3217.html,Accordion causes school evacuation,Truth
http://www.cbc.ca/news/arts/silence-of-the-lambs-house-1.3423524,"PETA, animal rights group, wants Silence of the Lambs house to become empathy museum",Truth
http://www.vice.com/en_uk/read/thieves-used-a-pickup-truck-to-drag-an-atm-from-a-strip-club-that-doubles-as-a-church?utm_source=vicenewsfb,Thieves Used a Pickup Truck to Drag an ATM from a Strip Club That Doubles as a Church,Truth
http://www.vwvortex.com/news/volkswagen-news/volkswagen-works-holds-holocaust-memorial-event/,Volkswagen Works Holds Holocaust Memorial Event,Truth
http://www.msnbc.com/msnbc/hello-caucus-night-huckabee-parodies-adele-new-video?cid=sm_fb_msnbc,‘Hello’ from caucus night: Huckabee parodies Adele in new video,Truth
http://www.independent.co.uk/news/world/americas/santa-claus-arrested-for-drink-driving-down-the-wrong-lane-fined-700-a6836766.html,"Santa Claus arrested for drink driving down the wrong lane, fined $700",Truth
http://www.bbc.co.uk/news/uk-england-norfolk-35428546,"'Missing' Norfolk UKIP councillor was in meetings, police discover",Truth
http://www.theguardian.com/uk-news/2016/jan/28/us-yachtsmen-rescued-nine-times-since-july-say-they-are-totally-capable-guys,US yachtsmen rescued nine times since July say they are 'totally capable guys',Truth
http://detroit.cbslocal.com/2016/01/28/high-tech-homeless-in-detroit-accept-credit-card-donations-on-cell-phone/,High-Tech Homeless Man In Detroit Accepts Credit Card Donations On A Cell Phone,Truth
http://aptn.ca/news/2016/01/27/vitamin-campaign-backfires-in-the-yukon-when-advertisement-asks-how-do-you-do-the-d/,Vitamin Campaign Backfires in the Yukon When Advertisement Asks ‘How do you do the D?’,Truth
http://www.masslive.com/news/index.ssf/2016/01/just_borrowing_it_for_a_half_h.html#incart_river_home,"'Just using it for half an hour,' accused car thief tells Springfield police",Truth
http://www.foxcarolina.com/story/31064689/report-sc-woman-beats-husband-with-nunchucks-for-refusing-to-have-sex,Woman beats husband with nunchucks for refusing to have sex,Truth
http://www.kristv.com/story/31077504/2-teenagers-dead-2-sickened-from-drinking-racing-fuel-soda,"2 teenagers dead, 2 sickened from drinking racing fuel, soda",Truth
http://qz.com/604449/el-chapos-family-has-registered-a-trademark-for-el-chapo-branded-christmas-tree-ornaments/,El Chapo’s family has registered a trademark for El Chapo-branded Christmas-tree ornaments,Truth
https://www.washingtonpost.com/sports/patriots-fan-gets-tattoo-declaring-super-bowl-win/2016/01/28/ab426182-c5bd-11e5-b933-31c93021392a_story.html,Patriots fan gets tattoo declaring Super Bowl win,Truth
http://www.theguardian.com/uk-news/2016/jan/28/porn-film-accidentally-shown-at-funeral-service-cardiff,Porn film accidentally shown at funeral service for father and baby son,Truth
http://weather.buffalonews.com/2016/01/28/snowstall-buffalo-15th-snowiest-us-cities/,Snowstall: Buffalo 15th among snowiest U.S. Cities,Truth
http://www.bbc.co.uk/news/blogs-news-from-elsewhere-35419578,Copenhagen gets 'soothing' musical ambulances,Truth
http://www.independent.co.uk/travel/news-and-advice/teenager-flies-from-sheffield-to-essex-via-berlin-because-it-is-cheaper-than-getting-the-train-a6837836.html,Teenager flies from Sheffield to Essex via Berlin because it is cheaper than getting the train,Truth
http://www.theguardian.com/uk-news/2016/jan/28/porn-film-accidentally-shown-at-funeral-service-cardiff?CMP=twt_gu,Porn film accidentally shown at funeral service for father and baby son,Truth
http://www.theguardian.com/uk-news/2016/jan/28/porn-film-accidentally-shown-at-funeral-service-cardiff?CMP=twt_b-gdnnews,Porn film accidentally shown at funeral service for father and baby son,Truth
http://www.bbc.co.uk/news/entertainment-arts-35427381,Joseph Fiennes 'shocked' to be cast as Michael Jackson,Truth
https://shiftwa.org/seattle-to-pay-poet-to-live-in-a-bridge/,Seattle to pay poet to live in a bridge,Truth
http://www.bbc.co.uk/news/uk-england-35424393,Blogger travels from Sheffield to Essex via Berlin to save cash,Truth
http://www.bordermail.com.au/story/3693423/shrek-locked-up-for-dealing-35k-of-meth/,Shrek locked up for dealing 35g of the drug ice,Truth
http://www.latimes.com/local/california/la-me-porter-ranch-residents-20160128-story.html,"Life near the Aliso Canyon gas leak: 'When it's breezy, I'm lethargic'",Truth
http://tribune.com.pk/story/1035171/indian-fighter-jet-shoots-down-pakistani-balloon-during-republic-day/,Indian fighter jet shoots down 'Pakistani balloon',Truth
http://www.theargus.co.uk/news/14236195.display/,School children asked to choose from list of 23 terms to describe their gender,Truth
http://reuters.com/article/idUSKCN0V530Y?feedType=RSS&amp;feedName=domesticNews,Chinese man pleads guilty for plot to steal U.S. corn secrets,Truth
http://www.cbssports.com/nfl/eye-on-football/25464307/look-tom-bradys-adorable-kids-help-him-get-over-rough-afc-title-loss,Tom Brady's adorable kids help him get over rough AFC title loss,Truth
http://www.cnn.com/2016/01/27/middleeast/israel-vulture-lebanon-spy/?iid=ob_lockedrail_topeditorial&amp;iref=obnetwork,Israeli vulture detained in Lebanon on suspicion of being a spy,Truth
http://www.wwltv.com/story/news/crime/2016/01/26/dallas-dad-not-guilty-taking-tween-daughters-phone/79355512/,Dallas dad not guilty for taking tween daughter's phone,Truth
http://www.cnn.com/2016/01/27/world/opera-singer-police/index.html,"Police respond to domestic violence call, discover opera singer",Truth
http://www.courthousenews.com/2016/01/26/church-fights-seizure-of-sacramental-pot.htm,Church Fights Seizure of 'Sacramental' Pot,Truth
http://www.straitstimes.com/asia/se-asia/milf-gets-preachers-to-thwart-isis-recruitment-efforts?xtor=EREC-16-1%5BST_Newsletter_AM%5D-20160128-%5BMILF+gets+preachers+to+thwart+ISIS+recruitment+efforts%5D&amp;xts=538291,MILF gets preachers to thwart ISIS recruitment efforts,Truth
http://www.cnn.com/2016/01/27/living/exotic-animal-found-on-woman-kinkajou-miami-dade-irpt/index.html?sr=fbCNN012716exotic-animal-found-on-woman-kinkajou-miami-dade-irpt0940PMVODtopLink&amp;linkId=20728060,Woman wakes up to exotic animal caressing her,Truth
https://news.artnet.com/market/kevin-abosch-potato-photo-414257,Photograph of a Truly Impressive Potato Sells for $1.5 Million at a Dinner,Truth
https://www.washingtonpost.com/national/man-seeking-warmth-arrested-for-setting-fire-in-building/2016/01/27/0f00da26-c56b-11e5-b933-31c93021392a_story.html,Man Seeking Warmth Arrested for Setting Fire in Building,Truth
http://www.papermag.com/a-tale-of-two-mascots-how-furries-spurned-by-tony-the-tiger-are-being--1574536912.html,A Tale Of Two Mascots: How Furries Spurned By Tony The Tiger Are Being Embraced By Chester Cheetah,Truth
https://www.washingtonpost.com/news/checkpoint/wp/2016/01/27/the-admiral-in-charge-of-navy-intelligence-has-not-been-allowed-to-see-military-secrets-for-years/?tid=ss_tw,The admiral in charge of Navy intelligence has not been allowed to see military secrets for years,Truth
http://www.cnn.com/2016/01/27/middleeast/israel-vulture-lebanon-spy/?iid=ob_article_footer_expansion&amp;iref=obnetwork,Israeli vulture detained in Lebanon on suspicion of being a spy,Truth
http://www.timesofisrael.com/egyptian-therapist-jews-most-sexual-perverse-ever/,Egyptian therapist: Jews most sexually perverse ever,Truth
http://www.abc.net.au/news/2016-01-28/anzac-terrorist-plot-kangaroo-explosives/7121424,Teen planned to pack kangaroo with explosives and let it loose on Anzac Day,Truth
http://www.counterpunch.org/2016/01/25/media-more-outraged-by-possible-murder-by-putin-than-definite-murder-by-obama/,Media More Outraged by Possible Murder by Putin Than Definite Murder by Obama,Truth
http://www.seattlepi.com/news/crime/article/Man-seeking-warmth-arrested-for-setting-fire-in-6789054.php,Man seeking warmth arrested for setting fire in building,Truth
http://www.upi.com/Top_News/World-News/2016/01/27/El-Chapo-says-he-cant-sleep-partly-because-of-scary-guard-dog/9811453911682/?spt=trc,'El Chapo' says he can't sleep partly because of scary guard dog,Truth
http://brobible.com/life/article/drunk-aussie-bros-robbery-interview/,Drunk Aussie Bros Stop A Robbery Then Give An Absolutely Hilarious TV Interview,Truth
http://edition.cnn.com/2016/01/27/living/exotic-animal-found-on-woman-kinkajou-miami-dade-irpt/index.html?sr=fbCNN012716exotic-animal-found-on-woman-kinkajou-miami-dade-irpt0940PMVODtopLink&amp;linkId=20728060,Exotic animal found on sleeping woman's chest,Truth
https://www.washingtonpost.com/news/checkpoint/wp/2016/01/27/the-admiral-in-charge-of-navy-intelligence-has-not-been-allowed-to-see-military-secrets-for-years/?tid=sm_fb%20not%20the%20onion,The admiral in charge of Navy intelligence has not been allowed to see military secrets for years,Truth
http://www.sacbee.com/news/local/crime/article56875973.html,"Woodland carjacker turns out to be a bucket, tools and shirt",Truth
http://www.thegazette.com/subject/news/bats-shovel-and-tricycle-used-in-iowa-city-melee-20160125,"Bats, shovel and tricycle used in Iowa City melee",Truth
http://www.nbcchicago.com/news/local/200-Pound-Alligator-Lansing--366782441.html,200-Pound Alligator Found in Suburban Chicago Home After 26 Years,Truth
http://bangordailynews.com/2016/01/27/politics/poliquin-to-introduce-no-welfare-for-terrorists-act/,Poliquin to introduce No Welfare for Terrorists Act,Truth
https://www.washingtonpost.com/news/checkpoint/wp/2016/01/27/the-admiral-in-charge-of-navy-intelligence-has-not-been-allowed-to-see-military-secrets-for-years/,The admiral in charge of Navy intelligence has not been allowed to see military secrets for years,Truth
https://www.techdirt.com/articles/20160121/08512833394/released-documents-show-nsa-actually-surprised-to-find-itself-portrayed-negatively-popular-culture.shtml,Released Documents Show NSA Actually Surprised To Find Itself Portrayed Negatively In Popular Culture,Truth
http://abcnews.go.com/US/wireStory/raccoon-attacks-jersey-boy-bystander-beats-death-36552060,"Raccoon Attacks New Jersey Boy, Bystander Beats It to Death",Truth
http://www.newsner.com/en/2016/01/mom-and-child-die-in-the-car-while-dad-shovels-snow-outside-the-police-are-now-warning-everyone-about-this-silent-killer/,Mom And Child Die In The Car While Dad Shovels Snow Outside.,Truth
http://www.wsbtv.com/news/news/local/high-school-wrestling-fundraiser-raffle-9-mm-pisto/nqDb4/,High school wrestling fundraiser to raffle off 9 mm pistol,Truth
http://www.bbc.com/news/uk-england-gloucestershire-35422123,'Superman' saves the day and foils cash machine robbery,Truth
http://windsorstar.com/news/local-news/petition-against-dwarf-tossing-events-draws-more-than-2600-signatures#‎YQG‬,"Petition against dwarf-tossing events draws more than 2,600 signatures",Truth
http://www.fox5dc.com/news/national/82615005-story,MSP: Man was watching porn while driving before fatal crash,Truth
http://www.nltimes.nl/2016/01/27/amsterdam-police-kick-in-opera-singers-door-thinking-hes-screaming/,Amsterdam police kick in opera singer’s door thinking he’s screaming,Truth
http://www.upi.com/Odd_News/2016/01/27/Police-kick-in-opera-singers-door-after-confusing-singing-for-screaming/7261453926197/,Police kick in opera singer's door after confusing singing with screaming,Truth
http://www.cnn.com/2016/01/27/living/exotic-animal-found-on-woman-kinkajou-miami-dade-irpt/,Woman wakes up to exotic animal caressing her,Truth
http://www.theindependent.com/update-accordion-causes-school-evacuation/article_cee9b86c-c53e-11e5-87fd-d717b29f3217.html,UPDATE: Accordion causes school evacuation,Truth
http://time.com/4192706/the-revenenat-bear-leonardo-dicaprio/?xid=time_socialflow_facebook,The Man Who Plays the Bear that Attacks Leonardo DiCaprio in The Revenant Is Speaking Out,Truth
http://www.timesofisrael.com/khamenei-airs-holocaust-denial-video-on-international-remembrance-day/,Khamenei airs Holocaust denial video on international Remembrance Day,Truth
http://billypenn.com/2016/01/27/new-bill-would-create-a-registry-of-all-the-bands-and-djs-that-play-philly-its-become-necessary/,City of Philadelphia considering legislation requiring all bands &amp; DJs to get registration and police approval. Giving cops full veto power.,Truth
http://sacramento.cbslocal.com/2016/01/27/coyotes-high-on-mushrooms-possibly-to-blame-for-strange-incidents-on-highway/,Coyotes High On Mushrooms Possibly To Blame For Strange Incidents On Highway,Truth
https://www.msnbc.com/rachel-maddow-show/house-dem-introduces-the-flamethrowers-really-act-2016,House Dem introduces the 'Flamethrowers? Really? Act' of 2016,Truth
http://www.payscale.com/career-news/2016/01/lego-will-literally-pay-you-to-play-with-legos,Lego is paying people to play with legos.,Truth
http://www.9and10news.com/story/31070900/detroit-man-killed-in-car-crash-while-watching-porn-on-cellphone,Detroit Man Killed In Car Crash While Watching Porn On Cellphone,Truth
http://www.bbc.co.uk/news/uk-england-london-35419500,Damian Lewis denounced as 'too privileged' for school ceremony,Truth
http://www.nzherald.co.nz/nz/news/article.cfm?c_id=1&amp;objectid=11579415,Man discovers photo of strange object on phone,Truth
http://www.geek.com/science/cern-needs-to-figure-out-which-9000-cables-to-disconnect-for-lhc-upgrade-1645710/,"CERN needs to figure out which 9,000 cables to disconnect for LHC upgrade",Truth
https://www.washingtonpost.com/news/local/wp/2016/01/27/even-florida-is-helping-d-c-with-snow-cleanup-and-its-sending-a-message/,"Even Florida is helping D.C. with snow cleanup, and it’s sending a message",Truth
http://www.independent.ie/irish-news/doctor-who-mistook-an-ankle-for-an-elbow-claims-evidence-was-organised-to-discredit-him-34402552.html,Doctor who 'mistook an ankle for an elbow' claims evidence was organised to 'discredit him',Truth
http://www.nytimes.com/2016/01/27/nyregion/rat-who-escaped-peril-and-made-it-on-broadway-dies-in-a-fall.html?_r=0,Rat Who Escaped Peril and Made It on Broadway Dies in a Fall,Truth
http://www.king5.com/story/sports/nfl/seahawks/5th-quarter-blog/2016/01/26/petition-calls-cam-newton-ban-centurylink-field/79339444/,Seahawks fan petition calls for ban on Seahawks fan petitions,Truth
http://www.nbcmiami.com/news/local/Elderly-Woman-Wakes-Up-With-Exotic-Animal-on-Chest-366622301.html,Elderly Woman Wakes Up to Find Exotic Animal on Her Chest,Truth
http://www.aol.com/article/2016/01/27/police-replacing-guard-dogs-with-guard-geese/21303648/?icid=maing-fluid%7Camp-bon-mobile%7Cdl1%7Csec1_lnk2%26plid%3D1856041737,Police replacing guard dogs with guard geese,Truth
http://www.gettyimages.com/license/183172103,Badger stew is gourmet dining for British,Truth
http://www.cnn.com/2016/01/27/middleeast/israel-vulture-lebanon-spy/index.html,Israeli vulture detained in Lebanon on suspicion of being a spy,Truth
http://pix11.com/2016/01/26/actor-faces-jail-time-over-prop-gun-used-on-movie-shoot/,Actor faces jail time over prop gun used on movie shoot,Truth
http://13wham.com/news/top-stories/police-man-gets-haircut-before-robbing-barber-shop,Police: Man gets haircut before robbing barber shop,Truth
http://www.nbcnews.com/news/world/i-wasn-t-making-bombs-i-was-making-drugs-suspect-n505111,"I Wasn't Making Bombs — I Was Making Drugs, Suspect Tells German Cops",Truth
http://www.seattlepi.com/local/crime/article/Bellevue-child-rapist-loses-butt-dial-fight-6788113.php,Bellevue child rapist loses butt dial fight,Truth
http://www.charlotteobserver.com/sports/nfl/carolina-panthers/article56737123.html,‘Creedbombing’ makes Creed’s lead singer a Carolina Panthers fan,Truth
http://www.foxnews.com/health/2016/01/07/teen-dies-from-using-too-much-deodorant.html,Teen dies from using too much deodorant,Truth
http://www.wusa9.com/story/life/advice/2016/01/23/carolyn-hax-wife-discovers-husband-racist/79011984/,Wife belatedly discovers husband is racist,Truth
http://www.cnbc.com/2016/01/27/illinois-budget-fix-just-dont-pay-the-bills.html,Illinois budget fix: Just don't pay the bills,Truth
http://www.bbc.com/news/uk-england-bristol-35401181,999 distress call victim 'was goat',Truth
http://www.nbcnews.com/news/us-news/back-future-delorean-going-back-production-after-34-year-break-n505271,Back to the Future: DeLorean Going Back Into Production After 34-Year Break,Truth
http://www.thebolditalic.com/articles/7372-area-surrounding-levis-stadium-to-be-renamed-san-francisco,Area Surrounding Levi's Stadium To Be Renamed San Francisco,Truth
http://www.foxnews.com/world/2016/01/27/police-sent-in-to-search-for-woman-crying-out-for-help-find-goat.html?intcmp=ob_article_sidebar_video&amp;intcmp=obnetwork,Police sent in to search for woman crying out for help find a goat,Truth
http://www.wbng.com/news/local/Man-caught-going-108-mph-in-Prius--366715421.html,Man caught going 108 mph in Prius,Truth
http://bigstory.ap.org/article/california-thieves-steal-50000-worth-prized-bull-semen,"California thieves steal $50,000 worth of prized bull semen",Truth
http://www.cnn.com/2016/01/27/middleeast/israel-vulture-lebanon-spy/index.html?sr=twCNN012716israel-vulture-lebanon-spy0613PMStoryLink&amp;linkId=20722085,Israeli vulture detained in Lebanon on suspicion of being a spy,Truth
http://www.grandforksherald.com/news/region/3934044-minnesotan-man-punches-14-foot-tiger-shark-attacking-him-then-asks-beer,"Minnesotan man punches 14-foot tiger shark attacking him, then asks for beer",Truth
http://www.npr.org/sections/thetwo-way/2016/01/27/464563258/massive-cover-up-nudes-statues-in-italy-deemed-too-racy-for-irans-president,Massive Cover-Up: Nude Statues In Italy Deemed Too Racy For Iran's President,Truth
http://wreg.com/2016/01/27/be-like-bill-facebook-meme-could-be-clickbait-trap/,‘Be like Bill’ Facebook meme could be clickbait trap,Truth
http://www.bbc.co.uk/programmes/p03gntdm,Parents told to stop doing school run in PJs,Truth
http://www.fox10phoenix.com/news/us-world-news/82626967-story,MSP: Man was watching porn while driving before fatal crash,Truth
http://edition.cnn.com/2016/01/27/entertainment/joseph-fiennes-michael-jackson-feat/index.html?sr=fbCNN012716joseph-fiennes-michael-jackson-feat0141PMStoryLink&amp;linkId=20708746,Joseph Fiennes to play Michael Jackson in British TV movie,Truth
http://www.cnbc.com/2016/01/27/dr-doom-outlook-so-depressing-need-to-swim-in-beer.html,Dr. Doom: Outlook is 'so depressing' need more beer,Truth
http://www.foodandwine.com/fwx/food/two-massive-cheese-heists-happen-one-week-wisconsin,Two Massive Cheese Heists Happen In One Week in Wisconsin,Truth
http://vilays.com/joseph-fiennes-will-be-michael-jackson-in-a-new-drama,Joseph Fiennes Will Be Michael Jackson in a New Drama,Truth
http://www.stltoday.com/lifestyles/relationships-and-special-occasions/columns/dear-abby/divorcing-husband-wary-of-wife-s-online-deception/article_5e647f29-c4af-5b4a-a948-510091948cfa.html,Divorcing husband wary of wife's online deception,Truth
http://sacramento.cbslocal.com/2016/01/27/coyotes-high-on-mushrooms-possibly-to-blame-for-strange-incidents-on-highway/?cid=facebook_CBS13_CBS_Sacramento,Coyotes High On Mushrooms Possibly To Blame For Strange Incidents On Highway,Truth
http://edition.cnn.com/2016/01/27/middleeast/israel-vulture-lebanon-spy/index.html,Israeli vulture detained in Lebanon on suspicion of being a spy,Truth
http://time.com/4195668/mike-huckabee-ted-cruz-adele/,Huckabee Throws Shade at Cruz Using Adele,Truth
http://www.msnbc.com/rachel-maddow-show/house-dem-introduces-the-flamethrowers-really-act-2016,House Dem introduces the ‘Flamethrowers? Really? Act’ of 2016,Truth
http://www.cnbc.com/2016/01/27/dr-doom-outlook-so-depressing-need-to-swim-in-beer.html,Dr. Doom: Outlook 'so depressing' need to swim in beer,Truth
https://www.techdirt.com/articles/20160121/08512833394/released-documents-show-nsa-actually-surprised-to-find-itself-portrayed-negatively-popular-culture.shtml3,Released Documents Show NSA Actually Surprised To Find Itself Portrayed Negatively In Popular Culture,Truth
http://news.stv.tv/north/1340603-uni-issues-revolving-door-guide-after-academic-breaks-arm/,University issues revolving door guide after academic breaks arm,Truth
https://www.washingtonpost.com/news/reliable-source/wp/2016/01/26/post-blizzard-sen-murkowski-notes-that-only-women-turned-up-to-run-the-senate/,"Post-blizzard, Sen. Murkowski notes that only women turned up to run the Senate",Truth
http://www.clickondetroit.com/news/wayne-county-forgets-to-renew-its-website-domain-name,Wayne County forgets to renew its website domain name,Truth
http://www.politico.com/story/2016/01/chris-christie-gofundme-mops-218278,GoFundMe campaign offers mops for Christie,Truth
http://www.waow.com/story/31054528/2016/01/25/trailer-full-of-cheese-worth-90k-stolen-in-marshfield,Trailer full of cheese worth $90K stolen in Marshfield,Truth
http://www.kvue.com/story/news/crime/2016/01/26/dallas-dad-not-guilty-taking-tween-daughters-phone/79355512/,Dallas dad not guilty for taking tween daughter's phone,Truth
http://denver.cbslocal.com/2015/12/28/2-treated-for-smoke-inhalation-after-fire-breaks-out-at-pet-crematorium/,2 Treated For Smoke Inhalation After Fire Breaks Out At Pet Crematorium,Truth
https://medium.com/@daryll/the-vicious-cycle-of-uber-bb7f9db241bc#.j45a8v3w3,The Vicious Cycle of Uber,Truth
http://www.foxcarolina.com/story/31064689/report-sc-woman-beats-husband-with-nunchucks-for-refusing-to-have-sex,Report: SC woman beats husband with nunchucks for refusing to have sex with her,Truth
http://www.wistv.com/story/31064689/report-sc-woman-beats-husband-with-nunchucks-for-refusing-to-have-sex?sf19754686=1,Report: SC woman beats husband with nunchucks for refusing to have sex,Truth
http://www.cnn.com/2016/01/26/europe/italy-covered-naked-statues-rouhani/,Iran's president visits Italy: Nude statues covered,Truth
http://www.keloland.com/newsdetail.cfm/lawmaker-brings-bill-to-make-daylight-saving-time-permanent/?id=190050,Lawmaker Brings Bill To Make Daylight Saving Time Permanent,Truth
http://www.politico.com/story/2016/01/chris-matthews-debate-fox-218272,Chris Matthews: 'Who’s going to watch a debate between the two Cuban guys?',Truth
http://www.itv.com/news/london/2016-01-25/hunt-for-croydon-cat-killer-as-death-toll-rises/,Hunt for Croydon cat killer as death toll rises,Truth
http://www.nbcdfw.com/news/local/Teacher-No-Longer-Employed-After-Duct-Tape-Incident-WFISD-366582011.html,Teacher No Longer Employed After Duct Tape Incident: WFISD,Truth
http://www.irishexaminer.com/examviral/technology-and-gaming/uber-is-giving-classic-kids-toy-bop-it-to-drunk-passengers-378461.html,Uber is giving classic kids' toy Bop It to drunk passengers,Truth
http://i100.independent.co.uk/article/councillor-buries-his-cat-in-the-garden-cat-comes-into-the-kitchen-a-few-hours-later--W1WJ5UlhbTg,"Councillor buries his cat in the garden, cat comes into the kitchen a few hours later",Truth
http://www.independent.co.uk/arts-entertainment/theatre-dance/news/rat-dies-in-freak-accident-just-as-her-broadway-career-was-flourishing-a6836581.html?i,NY Rat dies in freak accident just as her Broadway career was flourishing,Truth
http://wtvr.com/2016/01/25/almost-30-cats-need-homes-after-owner-struck-and-killed-crossing-jeff-davis/,Almost 30 cats need homes after owner struck and killed crossing Jeff Davis,Truth
http://www.theguardian.com/world/2016/jan/27/kazakhstan-game-of-thrones-putin-and-borat,Kazakhstan creates its own Game of Thrones to defy Putin and Borat,Truth
http://www.theage.com.au/victoria/migrants-find-learning-english-is-key-to-building-a-new-life-20160127-gmf5hy.html,Migrants find learning English is key to building a new life,Truth
http://abc7chicago.com/1173224/,Chicago councilman sworn in from behind bars,Truth
http://www.komu.com/news/state-rep-accuses-fellow-rep-he-kept-comin-swung-and-struck-,"State rep. accuses fellow rep.: 'He kept comin, swung, and struck'",Truth
http://time.com/4195286/paint-drying-british-film-classification/,British Movie Rating Board Certifies 10-Hour Film of Paint Drying,Truth
http://www.theglobeandmail.com/life/parenting/teen-lucky-to-be-alive-after-duct-tape-challenge/article28399235/,Teen ‘lucky to be alive’ after duct tape challenge,Truth
http://nytimes.com/2016/01/27/nyregion/rat-who-escaped-peril-and-made-it-on-broadway-dies-in-a-fall.html?referer=https:/t.co/YuzjHMZdHH&amp;referer=,Rat Who Escaped Peril and Made It on Broadway Dies in a Fall,Truth
http://komonews.com/news/local/burglar-spends-3-hours-inside-restaurant-helps-himself-to-coffee,"Burglar spends 3 hours inside restaurant, helps himself to coffee",Truth
http://via.fox6now.com/QiHuK,"Burger King employee quits, steals all the chicken nuggets",Truth
http://www.kptv.com/story/31062343/teen-happy-to-be-alive-after-accepting-duct-tape-challenge,Teen happy to be alive after accepting duct-tape challenge,Truth
http://fox13now.com/2016/01/26/officials-say-teen-may-have-died-from-drinking-racing-fuel-and-mountain-dew/,Officials say teen may have died from drinking racing fuel and Mountain Dew,Truth
https://www.washingtonpost.com/news/morning-mix/wp/2016/01/26/yoga-class-put-on-hold-over-concerns-about-oppression-resumes-with-indian-teacher/,Yoga class earlier put on hold over ‘oppression’ resumes — minus the white teacher,Truth
http://www.bbc.co.uk/news/uk-england-tees-35413153,Darlington head teacher tells parents to 'wash and get dressed',Truth
http://freebeacon.com/issues/feds-spend-80000-to-see-what-effect-spaceflight-has-on-herpes/?utm_source=Freedom+Mail&amp;utm_campaign=2356265527-WFB_Morning_Beacon_01_26_161_25_2016&amp;utm_medium=email&amp;utm_term=0_b5e6e0e9ea-2356265527-45607925,"Feds Spend $80,000 to See What Effect Spaceflight Has on Herpes",Truth
http://www.foxnews.com/us/2016/01/20/virginia-man-charged-with-trespassing-on-property-carrying-suspicious-bacon.html?intcmp=ob_article_sidebar_video&amp;intcmp=obinsite,Virginia man charged with trespassing on property carrying suspicious bacon,Truth
http://www.foxnews.com/politics/2016/01/26/feds-spend-80000-to-see-what-effect-spaceflight-has-on-herpes.html?intcmp=hplnws,"Feds spend $80,000 to see what effect spaceflight has on herpes",Truth
http://www.courier-journal.com/story/news/2016/01/26/papa-johns-sued-16-cents/79347428/,Papa John's sued for 16 cents,Truth
http://www.foxnews.com/entertainment/2016/01/26/barney-miller-actor-abe-vigoda-dies-at-4/,'Barney Miller' actor Abe Vigoda dies at 94,Truth
http://www.theguardian.com/world/2016/jan/26/vulture-lebanon-spying?CMP=twt_a-world_b-gdnworld,Vulture apprehended in Lebanon on suspicion of spying,Truth
http://www.politico.com/story/2016/01/paul-lepage-guillotine-drug-traffickers-218236,Maine Gov. LePage: Bring back the guillotine,Truth
http://www.theguardian.com/technology/2016/jan/26/drunk-uber-riders-assault-drivers-bop-it,Can a children's toy stop drunken Uber passengers from attacking their drivers?,Truth
http://www.bostonherald.com/news/local_coverage/2016/01/bpd_officer_s_lawyer_lewd_photo_shouldn_t_have_upset_teen_girl,BPD officer’s lawyer: Lewd photo shouldn’t have upset teen girl,Truth
http://www.theguardian.com/books/2016/jan/26/donald-trump-erotic-novel-temptation-billionaire-bellboy-elijah-daniel-amazon,Donald Trump triumphs as hero of 'sensual and tawdry' erotic novel,Truth
http://i100.independent.co.uk/article/a-public-health-campaign-in-canada-is-asking-people-are-you-getting-enough-d--by8UU1Ag6e?utm_source=indy&amp;utm_medium=top5&amp;utm_campaign=i100,A public health campaign in Canada is asking people 'Are you getting enough D?',Truth
http://www.thenational.scot/news/legal-incest-is-a-logical-result-of-secularism-says-free-church-of-scotland.12873?utm_medium=social&amp;utm_source=Twitter&amp;utm_campaign=Echobox&amp;utm_term=Autofeed#link_time=1453806375,"Legal incest is 'a logical result of secularism', says Free Church of Scotland",Truth
http://www.straitstimes.com/asia/se-asia/supernatural-dolls-welcome-aboard-thai-planes-with-child-ticket?utm_campaign=Echobox&amp;utm_medium=Social&amp;utm_source=Facebook#xtor=CS1-10,Supernatural dolls welcome aboard Thai planes with child ticket,Truth
http://www.cbsnews.com/news/bull-semen-worth-50000-stolen-from-california-farmers-truck/,"Bull semen, worth $50,000, stolen from Calif. farmer's truck.",Truth
http://www.nj.com/politics/index.ssf/2016/01/watch_oregon_militant_challenges_chris_christie_to.html#incart_river_home,Oregon militant challenges Chris Christie to sumo wrestling to end standoff,Truth
http://www.upi.com/Odd_News/2016/01/26/Pelican-crashes-Florida-swim-meet-swimmers-oblivious/6171453819951/?spt=sec&amp;or=on,"Pelican crashes Florida swim meet, swimmers oblivious",Truth
http://www.thetimes.co.uk/tto/news/world/europe/article4674718.ece,Matador under fire for bullfighting with his baby,Truth
http://www.startribune.com/life-is-lonely-in-edina-teen-tells-mayor/366496961/,"Life is lonely in Edina, teen tells mayor",Truth
http://www.theguardian.com/world/2016/jan/26/rome-spares-iranian-presidents-blushes-covering-nude-statues,Rome spares Iranian president's blushes by covering nude statues,Truth
https://www.washingtonpost.com/news/morning-mix/wp/2016/01/26/man-who-feared-mass-shootings-brings-gun-to-movie-theater-accidentally-shoots-woman/,"Man who feared mass shootings brings gun to movie theater, accidentally shoots woman",Truth
http://www.pokerstrategy.com/news/world-of-poker/Man-plays-poker-at-his-own-funeral_95413/,Man plays poker at his own funeral,Truth
http://www.independent.co.uk/news/uk/home-news/jihadi-jack-isis-jack-letts-dismisses-awkward-reports-a6833416.html,'Jihadi Jack': Briton Jack Letts dismisses reports he's joined Isis as 'awkward',Truth
http://www.tampabay.com/news/bizarre/pelican-dives-in-during-north-shore-swim-meet/2262548,Pelican dives in during North Shore swim meet (w/video),Truth
http://www.foxnews.com/opinion/2016/01/23/sound-jesus-voice-in-my-daughters-scream.html?intcmp=trending,The sound of Jesus' voice in my daughter's scream,Truth
http://kutv.com/news/offbeat/oregon-refuge-occupant-challenges-chris-christie-to-sumo-wrestling,Oregon refuge occupant challenges Chris Christie to sumo wrestling,Truth
http://www.middletownpress.com/general-news/20160125/police-suspect-who-robbed-bank-across-street-from-station-in-custody,Police: Suspect who robbed bank across street from station in custody,Truth
http://www.npr.org/2016/01/25/462829094/meet-the-most-pampered-vegetables-in-america,Meet The Most Pampered Vegetables In America,Truth
http://www.theguardian.com/lifeandstyle/2016/jan/25/san-francisco-internet-cat-video-festival-tech-burning-man,Internet cat video festival is 'harder to get tickets to than Burning Man',Truth
http://fortune.com/2016/01/25/airbnb-brooklyn-igloo/,Airbnb Won't List This Brooklyn Igloo,Truth
http://www.nbclosangeles.com/news/national-international/Woman-Found-Dead-in-Car-at-New-Jersey-Fast-Food-Restaurant-366432781.html?_osource=SocialFlowTwt_LABrand,Woman Afraid to Drive During Blizzard Found Dead in NJ Burger King Parking Lot,Truth
http://www.cnn.com/2016/01/25/world/sloth-officer-feat/index.html?sr=fbcnni012616sloth-officer-feat0204AMStoryLink&amp;linkId=20665453,Officer helps sloth cross the road,Truth
https://medium.com/@DonRumsfeld/at-83-i-decided-to-develop-an-app-dadd4e53d342#.hfc5ihj92,"Donald Rumsfeld: ""At 83, I Decided to Develop an App. I’ve done business, politics, and war. Now I’m trying my hand at mobile gaming.""",Truth
http://www.independent.co.uk/arts-entertainment/films/news/daniel-radcliffe-on-farting-corpse-film-swiss-army-man-its-exciting-using-farts-to-make-people-super-a6832271.html,Daniel Radcliffe on farting corpse film Swiss Army Man: 'It's exciting using farts to make people super uncomfortable',Truth
http://www.nbcphiladelphia.com/news/local/Man-Defecates-in-Stairwell-Twice-Police-366466771.html?_osource=SocialFlowFB_PHBrand,Man Defecates in Stairwell of Public Library Twice: Police,Truth
http://www.kptv.com/story/31053373/oregon-protester-challenges-chris-christie-to-sumo-match-really#ixzz3yJ8IEVdE,Oregon protester challenges Chris Christie to sumo match… really,Truth
http://ktla.com/2016/01/25/fugitives-call-911-for-rescue-after-fleeing-into-woods-amid-freezing-conditions-in-sierras/,Fugitives Call 911 for Rescue After Fleeing Into Sierra Wilderness Amid Freezing Conditions,Truth
http://wgntv.com/2016/01/23/trailer-with-70000-worth-of-cheese-stolen-in-wisconsin/,"Trailer with $70,000 worth of cheese stolen in Wisconsin",Truth
http://www.myfoxboston.com/news/city-councilman-accused-of-murder-sworn-into-office-in-jail/36133501,City councilman accused of murder sworn into office in jail,Truth
https://torrentfreak.com/my-little-pony-sued-for-using-a-pirated-font-160125/,"""My Little Pony"" Sued For Using a Pirated Font",Truth
http://www.politico.com/story/2016/01/martin-omalley-iowa-spectator-218200#ixzz3yIk1F3SJ,Lone attendee from O'Malley event makes up his mind,Truth
http://www.herefordtimes.com/news/14226985._I_thought_it_was_a_bumpy_road__said_drink_driver_with_tyre_missing/,'I thought it was a bumpy road' said drink driver with tyre missing,Truth
http://fox6now.com/2016/01/25/another-cheese-caper-90k-worth-of-parmesan-stolen-in-marshfield-prior-to-theft-in-germantown/,Another cheese caper: $90K worth of parmesan stolen in Marshfield prior to theft in Germantown,Truth
http://www.oregonlive.com/geek/2016/01/watch_oregon_militant_challeng.html,Oregon militant challenges Chris Christie to sumo wrestling to end standoff,Truth
http://www.buffalonews.com/city-region/police-blotter/counterfeit-hoverboards-seized-at-peace-bridge-20160125,Counterfeit ‘hoverboards’ seized at Peace Bridge,Truth
http://www.smh.com.au/business/world-business/mcdonalds-allday-breakfast-a-hit-shares-hit-record-high-20160125-gmdufx.html,All-day breakfast pays off as McDonald's shares hit record high,Truth
